dataset,model,cal_size,test_size,Hist-uniform_brier,Hist-uniform_logloss,Hist-uniform_kuiper,Hist-uniform_ece-15,Hist-uniform_accuracy,Hist-uniform_time
APSFailure,TabPFN-v2.6,50666,25334,0.008639643345274119,0.0189646552016002,0.0011610453948378563,0.0013999872608110309,0.9944343566894531,0.003578979056328535
Amazon_employee_access,TabPFN-v2.6,21846,10923,0.08239202788594523,0.16347244424244314,0.023136258125305176,0.0019846635404974222,0.9485489130020142,0.001232856884598732
Bank_Customer_Churn,TabPFN-v2.6,6666,3334,0.19808533835383582,0.33009154806940694,0.024591898545622826,0.012052811682224274,0.86652672290802,0.0005783319938927889
Bioresponse,TabPFN-v2.6,2500,1251,0.27288331702233526,0.42493798755283235,0.027502387762069702,0.03384729474782944,0.8033573031425476,0.00038637290708720684
Diabetes130US,TabPFN-v2.6,47678,23840,0.1550387763491176,0.2851949115306088,0.05143370479345322,0.004223627969622612,0.9119547009468079,0.001995651051402092
E-CommereShippingData,TabPFN-v2.6,7332,3667,0.3538283266049684,0.4975944086358197,0.12984168529510498,0.0036799837835133076,0.6883010864257812,0.000594448996707797
Fitness_Club,TabPFN-v2.6,1000,500,0.3197241691181415,0.48801001699781216,0.03798457607626915,0.05335010960698128,0.7599999904632568,0.0002998530399054289
GiveMeSomeCredit,TabPFN-v2.6,100000,50000,0.09897409029214066,0.1866592933168355,0.021903030574321747,0.0017983519937843084,0.9378600120544434,0.004630703013390303
HR_Analytics_Job_Change_of_Data_Scientists,TabPFN-v2.6,12772,6386,0.26803348816275036,0.42380003451500553,0.012627094984054565,0.009086244739592075,0.8066082000732422,0.0009253260213881731
Is-this-a-good-customer,TabPFN-v2.6,1148,575,0.19153823720598934,0.33024119934314483,0.03619229793548584,0.020017825067043304,0.8852173686027527,0.0003095800057053566
Marketing_Campaign,TabPFN-v2.6,1493,747,0.13385635116586753,0.22414091595969168,0.013013777323067188,0.033844005316495895,0.9076305031776428,0.000307226087898016
NATICUSdroid,TabPFN-v2.6,4994,2497,0.08359731603393954,0.14804366940563915,0.00842024851590395,0.008836686611175537,0.9431317448616028,0.00046263309195637703
bank-marketing,TabPFN-v2.6,30140,15071,0.17337931393304892,0.3046948329459961,0.0391237735748291,0.005179848056286573,0.8937695026397705,0.0014764948282390833
blood-transfusion-service-center,TabPFN-v2.6,498,250,0.3145242764004613,0.49334914805838276,0.037842266261577606,0.055086079984903336,0.7919999957084656,0.00025820103473961353
churn,TabPFN-v2.6,3333,1667,0.05897741192826036,0.12068706771445065,0.014315357431769371,0.011251291260123253,0.9646070599555969,0.00036408589221537113
coil2000_insurance_policies,TabPFN-v2.6,6548,3274,0.10815663654330485,0.213551416191874,0.03405660390853882,0.008317776955664158,0.9404398202896118,0.0004942719824612141
credit-g,TabPFN-v2.6,666,334,0.35260822054884106,0.5352299493362038,0.03574041277170181,0.0774252861738205,0.7455089688301086,0.00026322598569095135
credit_card_clients_default,TabPFN-v2.6,20000,10000,0.2634212220145002,0.42216415193378126,0.042288389056921005,0.008136388845741749,0.8235999941825867,0.001187311951071024
customer_satisfaction_in_airline,TabPFN-v2.6,86586,43294,0.0532381820774813,0.09186913668266049,0.0038502770476043224,0.0017686496721580625,0.9630202651023865,0.0036869230680167675
diabetes,TabPFN-v2.6,512,256,0.3207999029878971,0.4849629987401105,0.0415542870759964,0.07234954833984375,0.7578125,0.0002924259752035141
hazelnut-spread-contaminant-detection,TabPFN-v2.6,1600,800,0.07206205070154477,0.13327877605627844,0.014481544494628906,0.02360185608267784,0.9512500166893005,0.00032308907248079777
heloc,TabPFN-v2.6,6972,3487,0.3651696181228012,0.5453962385077554,0.019082719460129738,0.015225193463265896,0.7324347496032715,0.0006387659814208746
in_vehicle_coupon_recommendation,TabPFN-v2.6,8456,4228,0.3009871814911062,0.46618245814882364,0.028536126017570496,0.025753891095519066,0.7897350788116455,0.0007211749907582998
jm1,TabPFN-v2.6,7256,3629,0.26080461963947116,0.4152541976920093,0.03362908586859703,0.01722048595547676,0.8219895362854004,0.0005860850214958191
kddcup09_appetency,TabPFN-v2.6,33333,16667,0.03394561892549002,0.0837930652544432,0.014049739576876163,0.000923876476008445,0.9821803569793701,0.0014886530116200447
online_shoppers_intention,TabPFN-v2.6,8220,4110,0.141049573859064,0.24006780282018697,0.015183262526988983,0.007879765704274178,0.9031630158424377,0.0006091129034757614
polish_companies_bankruptcy,TabPFN-v2.6,3940,1970,0.02558006143104483,0.05599898289877036,0.0054009538143873215,0.0046898010186851025,0.9842639565467834,0.00039243814535439014
qsar-biodeg,TabPFN-v2.6,702,352,0.19694853637127877,0.326552711441018,0.043027110397815704,0.04595908150076866,0.8551136255264282,0.0002607349306344986
seismic-bumps,TabPFN-v2.6,1722,862,0.11213134708422222,0.21009350019278078,0.023275133222341537,0.012445176020264626,0.9338747262954712,0.00031045894138514996
taiwanese_bankruptcy_prediction,TabPFN-v2.6,4546,2273,0.04759098386613027,0.20681989331110862,0.008700214326381683,0.0038706387858837843,0.9692037105560303,0.00042562116868793964
APSFailure,TabICLv2,50666,25334,0.008162942926761172,0.01835114231543039,0.001383159775286913,0.0008616019622422755,0.9947106838226318,0.0020380429923534393
Amazon_employee_access,TabICLv2,21846,10923,0.08135022115994661,0.16076654693288112,0.02115533873438835,0.002142565790563822,0.9488235712051392,0.0011766969691962004
Bank_Customer_Churn,TabICLv2,6666,3334,0.19892997214901634,0.33368670833421027,0.028889557346701622,0.012243358418345451,0.8677264451980591,0.0005606240592896938
Bioresponse,TabICLv2,2500,1251,0.29156216611710106,0.4532884318805567,0.03271780163049698,0.033889979124069214,0.7977617979049683,0.00038363109342753887
Diabetes130US,TabICLv2,47678,23840,0.1555863518711564,0.2860170097073041,0.050755783915519714,0.0037153076846152544,0.911912739276886,0.0019779137801378965
E-CommereShippingData,TabICLv2,7332,3667,0.35385812995924315,0.4975111487764818,0.13524173200130463,0.0038200996350497007,0.6888464689254761,0.0005496030207723379
Fitness_Club,TabICLv2,1000,500,0.3240019419474535,0.49143549028153555,0.038841307163238525,0.04873355105519295,0.7760000228881836,0.0002891961485147476
GiveMeSomeCredit,TabICLv2,100000,50000,0.09910932079066745,0.18691411328037077,0.02181377448141575,0.001438712002709508,0.9374799728393555,0.004134985152631998
HR_Analytics_Job_Change_of_Data_Scientists,TabICLv2,12772,6386,0.2679243573564098,0.4230881493089193,0.02761901542544365,0.013207973912358284,0.8077043294906616,0.00097837601788342
Is-this-a-good-customer,TabICLv2,1148,575,0.18841367832220315,0.3236239091771439,0.03422817587852478,0.013750898651778698,0.8817391395568848,0.00030838395468890667
Marketing_Campaign,TabICLv2,1493,747,0.14274338498213288,0.234798740343192,0.019913746044039726,0.033701106905937195,0.8955823183059692,0.00030256505124270916
NATICUSdroid,TabICLv2,4994,2497,0.08251446617756743,0.15090049646427453,0.009733552113175392,0.005231629591435194,0.9459351301193237,0.00047533889301121235
bank-marketing,TabICLv2,30140,15071,0.17284304132435774,0.30403706246589324,0.038922760635614395,0.009233541786670685,0.8940349221229553,0.0014965941663831472
blood-transfusion-service-center,TabICLv2,498,250,0.3149564740491785,0.49661623828065216,0.050167739391326904,0.08546517044305801,0.7720000147819519,0.00026564905419945717
churn,TabICLv2,3333,1667,0.05191793817436355,0.21815610325235907,0.019674742594361305,0.012809227220714092,0.9706058502197266,0.00039558601565659046
coil2000_insurance_policies,TabICLv2,6548,3274,0.10697167329115469,0.23512645722078607,0.031622566282749176,0.001920615672133863,0.9404398202896118,0.000509495148435235
credit-g,TabICLv2,666,334,0.33153035736919173,0.509560569256149,0.04573296010494232,0.0566856749355793,0.7664670944213867,0.0002693510614335537
credit_card_clients_default,TabICLv2,20000,10000,0.26272799880320213,0.4212080208800162,0.041344329714775085,0.008010630495846272,0.822700023651123,0.001225027022883296
customer_satisfaction_in_airline,TabICLv2,86586,43294,0.05376189944824615,0.09323182433254337,0.006094008684158325,0.0037547904066741467,0.9621887803077698,0.0034422550816088915
diabetes,TabICLv2,512,256,0.3154933196255063,0.476372582928412,0.047242846339941025,0.05718497559428215,0.734375,0.00029432098381221294
hazelnut-spread-contaminant-detection,TabICLv2,1600,800,0.05597183291929799,0.10333576721633199,0.009625942446291447,0.0220364797860384,0.9662500023841858,0.0003251910675317049
heloc,TabICLv2,6972,3487,0.3639637940363426,0.5437627163100311,0.02089434117078781,0.016511863097548485,0.7307140827178955,0.0006470070220530033
in_vehicle_coupon_recommendation,TabICLv2,8456,4228,0.3120954900473915,0.4792448293466354,0.027174070477485657,0.021300233900547028,0.7795647978782654,0.0007272439543157816
jm1,TabICLv2,7256,3629,0.26308763693569587,0.4170687252441813,0.031231272965669632,0.023974450305104256,0.8197850584983826,0.0005876580253243446
kddcup09_appetency,TabICLv2,33333,16667,0.034292437317534126,0.08519858169112851,0.01446429081261158,0.0004959474317729473,0.9821803569793701,0.001537760952487588
online_shoppers_intention,TabICLv2,8220,4110,0.14294286794982683,0.24260382281459972,0.022625355049967766,0.009367736987769604,0.9004865884780884,0.0006225220859050751
polish_companies_bankruptcy,TabICLv2,3940,1970,0.029758697999569407,0.06609472910015274,0.008957240730524063,0.008098849095404148,0.9842639565467834,0.0004016889724880457
qsar-biodeg,TabICLv2,702,352,0.18391731393480726,0.311371691179094,0.037867143750190735,0.05630434304475784,0.8920454382896423,0.00026207510381937027
seismic-bumps,TabICLv2,1722,862,0.11272351183910374,0.2119407047203286,0.02559485100209713,0.010615989565849304,0.9338747262954712,0.00029670586809515953
taiwanese_bankruptcy_prediction,TabICLv2,4546,2273,0.04479900075118483,0.0919288871607352,0.010222159326076508,0.00751983979716897,0.9692037105560303,0.0004090098664164543
APSFailure,RealTabPFN-v2.5,50666,25334,0.008735867008007592,0.01831370505755442,0.0008673251140862703,0.0008263181080110371,0.9944738149642944,0.002064349129796028
Amazon_employee_access,RealTabPFN-v2.5,21846,10923,0.08424440749515966,0.1684763950974347,0.027056604623794556,0.0021733446046710014,0.9482742547988892,0.00116867502219975
Bank_Customer_Churn,RealTabPFN-v2.5,6666,3334,0.19632257338675996,0.32210222502501223,0.024878401309251785,0.01789291948080063,0.8689262270927429,0.0005728199612349272
Bioresponse,RealTabPFN-v2.5,2500,1251,0.27264512447061134,0.4282841674270872,0.022535860538482666,0.03473762795329094,0.8145483732223511,0.00038837501779198647
Diabetes130US,RealTabPFN-v2.5,47678,23840,0.15546685990878928,0.28652804302160406,0.05540187284350395,0.003594205714762211,0.9118707776069641,0.001958013977855444
E-CommereShippingData,RealTabPFN-v2.5,7332,3667,0.3542019793714376,0.5177935332353014,0.13149231672286987,0.0039882296696305275,0.6855740547180176,0.0005641579627990723
Fitness_Club,RealTabPFN-v2.5,1000,500,0.3169409616359127,0.4841069659973822,0.055175237357616425,0.051502060145139694,0.7599999904632568,0.0002880541142076254
GiveMeSomeCredit,RealTabPFN-v2.5,100000,50000,0.09838064004287014,0.18468984584887843,0.01938275434076786,0.00242364383302629,0.9386000037193298,0.0039322220254689455
HR_Analytics_Job_Change_of_Data_Scientists,RealTabPFN-v2.5,12772,6386,0.26975496606328986,0.4269886492945733,0.022089198231697083,0.012892885133624077,0.8048856854438782,0.0008794898167252541
Is-this-a-good-customer,RealTabPFN-v2.5,1148,575,0.2076895050228071,0.3528328161066281,0.053681157529354095,0.032866425812244415,0.8643478155136108,0.0002847709693014622
Marketing_Campaign,RealTabPFN-v2.5,1493,747,0.1359539676153974,0.23276734051045114,0.01626625284552574,0.023917624726891518,0.9022757411003113,0.0002965060994029045
NATICUSdroid,RealTabPFN-v2.5,4994,2497,0.08534720266504649,0.14892589450063853,0.00941896066069603,0.014777065254747868,0.9415298104286194,0.00045519392006099224
bank-marketing,RealTabPFN-v2.5,30140,15071,0.17140953695502603,0.29930659036553964,0.014907456934452057,0.003249584697186947,0.894698441028595,0.0016741228755563498
blood-transfusion-service-center,RealTabPFN-v2.5,498,250,0.3042423942150322,0.47856176751467033,0.0911250039935112,0.0388573594391346,0.800000011920929,0.0002489739563316107
churn,RealTabPFN-v2.5,3333,1667,0.050354846472777375,0.10775256863781954,0.015658488497138023,0.010615156963467598,0.9682063460350037,0.0003775940276682377
coil2000_insurance_policies,RealTabPFN-v2.5,6548,3274,0.1131940199007722,0.2527956564739315,0.05495953559875488,0.0019299592822790146,0.9404398202896118,0.00047952402383089066
credit-g,RealTabPFN-v2.5,666,334,0.3396305376486865,0.513743624451306,0.029121950268745422,0.05578678846359253,0.7485029697418213,0.00026221713051199913
credit_card_clients_default,RealTabPFN-v2.5,20000,10000,0.2655358394131154,0.42707033830077945,0.04873479902744293,0.005448278971016407,0.8228999972343445,0.001163397915661335
customer_satisfaction_in_airline,RealTabPFN-v2.5,86586,43294,0.05430182267729923,0.09325484952610329,0.005855643656104803,0.002566496841609478,0.9625352025032043,0.003471659030765295
diabetes,RealTabPFN-v2.5,512,256,0.31537942455129503,0.48102982270859784,0.025364110246300697,0.07647214829921722,0.7734375,0.0002970220521092415
hazelnut-spread-contaminant-detection,RealTabPFN-v2.5,1600,800,0.06888950661614582,0.13469701471328258,0.010695012286305428,0.012626253068447113,0.9574999809265137,0.00031300587579607964
heloc,RealTabPFN-v2.5,6972,3487,0.36712752888124567,0.5476292274703303,0.024500127881765366,0.014252596534788609,0.7307140827178955,0.0006318369414657354
in_vehicle_coupon_recommendation,RealTabPFN-v2.5,8456,4228,0.31202847548802787,0.4772376578008748,0.03631231188774109,0.028295697644352913,0.7786187529563904,0.0007028700783848763
jm1,RealTabPFN-v2.5,7256,3629,0.2623559748727546,0.5079040203531109,0.03979815915226936,0.009985651820898056,0.8178561329841614,0.0005879290401935577
kddcup09_appetency,RealTabPFN-v2.5,33333,16667,0.03397023767507554,0.08358314331082509,0.013635651208460331,0.0005060232360847294,0.9821803569793701,0.0014879771042615175
online_shoppers_intention,RealTabPFN-v2.5,8220,4110,0.14362748757106394,0.2494910174697737,0.02256515622138977,0.009308596141636372,0.9026764035224915,0.0006038597784936428
polish_companies_bankruptcy,RealTabPFN-v2.5,3940,1970,0.023726760058413284,0.13398781332810497,0.0060010324232280254,0.008656857535243034,0.9873096346855164,0.0004346659407019615
qsar-biodeg,RealTabPFN-v2.5,702,352,0.20084077933599198,0.3470430416057398,0.051421523094177246,0.03540756553411484,0.8778409361839294,0.00025732116773724556
seismic-bumps,RealTabPFN-v2.5,1722,862,0.11557880808697847,0.22449737273784207,0.04310990124940872,0.009807904250919819,0.9338747262954712,0.0003019890282303095
taiwanese_bankruptcy_prediction,RealTabPFN-v2.5,4546,2273,0.045667496148277344,0.10010604191158397,0.01384158618748188,0.002840530825778842,0.9714034199714661,0.0004241340793669224
APSFailure,TabICL_GPU,50666,25334,0.008774231450906004,0.019158236162046403,0.001369362697005272,0.0013425103388726711,0.9945132732391357,0.00211144401691854
Amazon_employee_access,TabICL_GPU,21846,10923,0.08132978306631156,0.16115212426144723,0.02233445644378662,0.00271726306527853,0.9489151239395142,0.0012062741443514824
Bank_Customer_Churn,TabICL_GPU,6666,3334,0.20256958138221814,0.337754630261033,0.02604905143380165,0.007352948654443026,0.8647270798683167,0.0005617220886051655
Diabetes130US,TabICL_GPU,47678,23840,0.15777575636853855,0.29089397563082603,0.05543474107980728,0.000628230394795537,0.9119966626167297,0.0019646817818284035
E-CommereShippingData,TabICL_GPU,7332,3667,0.3550800656302121,0.4996236102870234,0.11802346259355545,0.005385885946452618,0.6853013634681702,0.000583358108997345
Fitness_Club,TabICL_GPU,1000,500,0.3173975864548088,0.4845425939729005,0.04134833812713623,0.03061278536915779,0.7559999823570251,0.0002967480104416609
GiveMeSomeCredit,TabICL_GPU,100000,50000,0.09961057956245879,0.1883088043101239,0.02321004308760166,0.002023792127147317,0.9373800158500671,0.004535922082141042
HR_Analytics_Job_Change_of_Data_Scientists,TabICL_GPU,12772,6386,0.2680434967678673,0.4232006015252773,0.012849550694227219,0.010890764184296131,0.8075477480888367,0.0009157208260148764
Is-this-a-good-customer,TabICL_GPU,1148,575,0.1909813569758534,0.32848156614596363,0.03600812330842018,0.009144950658082962,0.8852173686027527,0.000306837959215045
Marketing_Campaign,TabICL_GPU,1493,747,0.14527570705981274,0.23723241656755864,0.016733599826693535,0.044782161712646484,0.904953122138977,0.0003048109356313944
NATICUSdroid,TabICL_GPU,4994,2497,0.07964115019881528,0.14482988195810959,0.007981483824551105,0.006722128018736839,0.9467360973358154,0.00045755808241665363
bank-marketing,TabICL_GPU,30140,15071,0.1737228043531927,0.3054961079512464,0.0407908670604229,0.003609420731663704,0.8939021825790405,0.0014913559425622225
blood-transfusion-service-center,TabICL_GPU,498,250,0.3164808381769758,0.5095825310556071,0.05175812914967537,0.09872380644083023,0.800000011920929,0.00025285803712904453
churn,TabICL_GPU,3333,1667,0.0682644626932072,0.1382960317331917,0.01490989699959755,0.015876587480306625,0.9604079127311707,0.0003828159533441067
coil2000_insurance_policies,TabICL_GPU,6548,3274,0.10814791912003449,0.21357866878793738,0.03485922887921333,0.0058563812635838985,0.9404398202896118,0.0004882160574197769
credit-g,TabICL_GPU,666,334,0.3338087275658139,0.5082830602160233,0.04240669310092926,0.08017196506261826,0.7634730339050293,0.0002642921172082424
credit_card_clients_default,TabICL_GPU,20000,10000,0.2648898640680255,0.4242090562627237,0.04254424199461937,0.009711057879030704,0.8216000199317932,0.0011716489680111408
customer_satisfaction_in_airline,TabICL_GPU,86586,43294,0.057831518870996454,0.10150627303289775,0.005149259697645903,0.001403781701810658,0.9597172737121582,0.0034812719095498323
diabetes,TabICL_GPU,512,256,0.31744712474398346,0.48050973095975136,0.03479699045419693,0.04360499978065491,0.74609375,0.00028786296024918556
hazelnut-spread-contaminant-detection,TabICL_GPU,1600,800,0.06883246247450044,0.13070339878202816,0.010195925831794739,0.018670791760087013,0.9537500143051147,0.0003100959584116936
heloc,TabICL_GPU,6972,3487,0.3663886280006633,0.5468076163291539,0.021302588284015656,0.014100885018706322,0.7310008406639099,0.0006595351733267307
in_vehicle_coupon_recommendation,TabICL_GPU,8456,4228,0.30959153390827643,0.47509575309025553,0.025024443864822388,0.02026873454451561,0.7781456708908081,0.0007207971066236496
jm1,TabICL_GPU,7256,3629,0.25822571028936653,0.41234633128139186,0.03684783726930618,0.015050072222948074,0.8241940140724182,0.0005819140933454037
kddcup09_appetency,TabICL_GPU,33333,16667,0.03500420955414117,0.08942773939205742,0.0173339806497097,2.9465705665643327e-05,0.9821803569793701,0.0014792170841246843
online_shoppers_intention,TabICL_GPU,8220,4110,0.14319992769195103,0.2435256708596245,0.019343476742506027,0.008981152437627316,0.9002432823181152,0.0006284099072217941
polish_companies_bankruptcy,TabICL_GPU,3940,1970,0.044017531830763804,0.1334030046129836,0.010462657548487186,0.00832988228648901,0.9741116762161255,0.00040432694368064404
qsar-biodeg,TabICL_GPU,702,352,0.17481502221504241,0.29596445616536937,0.03679247945547104,0.04977879300713539,0.8892045617103577,0.00026896712370216846
seismic-bumps,TabICL_GPU,1722,862,0.11298389541018673,0.21308502102682908,0.025593001395463943,0.00946175679564476,0.9338747262954712,0.0003107241354882717
taiwanese_bankruptcy_prediction,TabICL_GPU,4546,2273,0.04661124741250796,0.2045900855674435,0.009403123520314693,0.0052514527924358845,0.9709634780883789,0.00042299600318074226
Amazon_employee_access,LimiX_GPU,21846,10923,0.08396741177529557,0.1656300426153808,0.023276478052139282,0.00331446947529912,0.9472672343254089,0.0011515337973833084
Bank_Customer_Churn,LimiX_GPU,6666,3334,0.20037876475360433,0.3334193895187522,0.024568842723965645,0.009476941078901291,0.8677264451980591,0.0005682329647243023
Bioresponse,LimiX_GPU,2500,1251,0.28006332596819844,0.43572317035774605,0.031178656965494156,0.019555920735001564,0.7977617979049683,0.00037593115121126175
E-CommereShippingData,LimiX_GPU,7332,3667,0.35422749391388736,0.4983733689372488,0.13682343065738678,0.004524263087660074,0.6891191601753235,0.0005546340253204107
Fitness_Club,LimiX_GPU,1000,500,0.3239913398062775,0.49526849576063636,0.03795728087425232,0.04492185637354851,0.7720000147819519,0.0002846431452780962
HR_Analytics_Job_Change_of_Data_Scientists,LimiX_GPU,12772,6386,0.26889880699652585,0.4240468607152245,0.016288118436932564,0.012476922944188118,0.8059818148612976,0.000868852948769927
Is-this-a-good-customer,LimiX_GPU,1148,575,0.19115105682974357,0.3282035544861833,0.03810873627662659,0.014276032336056232,0.8852173686027527,0.0002854859922081232
Marketing_Campaign,LimiX_GPU,1493,747,0.13213494083614577,0.2219726696332155,0.013410646468400955,0.029166555032134056,0.9022757411003113,0.00029434519819915295
NATICUSdroid,LimiX_GPU,4994,2497,0.08562400078131235,0.15529195115003003,0.010354343801736832,0.01329052820801735,0.9435322284698486,0.0004494579043239355
bank-marketing,LimiX_GPU,30140,15071,0.1733488624415556,0.3053809155124197,0.04324915260076523,0.005998022388666868,0.8943003416061401,0.0014821549411863089
blood-transfusion-service-center,LimiX_GPU,498,250,0.30309492646711655,0.48231783197784656,0.0372820720076561,0.08059924095869064,0.7960000038146973,0.0002537178806960583
churn,LimiX_GPU,3333,1667,0.06665766319256777,0.13616611726019154,0.014929521828889847,0.01182769425213337,0.9562087655067444,0.00038264808245003223
coil2000_insurance_policies,LimiX_GPU,6548,3274,0.10636842090116856,0.23270505706046143,0.027313202619552612,0.0040762759745121,0.9404398202896118,0.0005017041694372892
credit-g,LimiX_GPU,666,334,0.3077596892900064,0.47218879229790794,0.03212624043226242,0.05367370694875717,0.7994012236595154,0.00026196613907814026
credit_card_clients_default,LimiX_GPU,20000,10000,0.2649416400036117,0.4246600049491283,0.048995692282915115,0.009483947418630123,0.8216000199317932,0.0011781628709286451
diabetes,LimiX_GPU,512,256,0.3132685038775316,0.4731625572532001,0.04770415276288986,0.04852431267499924,0.7734375,0.000253146979957819
hazelnut-spread-contaminant-detection,LimiX_GPU,1600,800,0.07576975772032966,0.13430808658538823,0.011391911655664444,0.021792156621813774,0.9524999856948853,0.0003097839653491974
heloc,LimiX_GPU,6972,3487,0.36536365720301023,0.5461908642981033,0.026784081012010574,0.022291557863354683,0.7338686585426331,0.0006501029711216688
in_vehicle_coupon_recommendation,LimiX_GPU,8456,4228,0.3534489285938495,0.5315690763821023,0.04092933237552643,0.022612696513533592,0.745742678642273,0.0007833701092749834
jm1,LimiX_GPU,7256,3629,0.2676690934459735,0.42465454731763563,0.037812888622283936,0.014976452104747295,0.8128961324691772,0.0005807771813124418
online_shoppers_intention,LimiX_GPU,8220,4110,0.14546189256496478,0.24891795111313844,0.018997710198163986,0.01042903121560812,0.8963503837585449,0.000611298019066453
polish_companies_bankruptcy,LimiX_GPU,3940,1970,0.05277309516372724,0.09953754873941838,0.007535269949585199,0.005082175135612488,0.9634518027305603,0.00038914894685149193
qsar-biodeg,LimiX_GPU,702,352,0.18037512764210267,0.3063890899714901,0.0334416963160038,0.03328567370772362,0.8664772510528564,0.0002599090803414583
seismic-bumps,LimiX_GPU,1722,862,0.11240344388498344,0.21462988959940185,0.029092051088809967,0.012351630255579948,0.9338747262954712,0.00030591990798711777
taiwanese_bankruptcy_prediction,LimiX_GPU,4546,2273,0.04544972760060967,0.1265583681220347,0.008778156712651253,0.0050252568908035755,0.9696436524391174,0.00041830120608210564
APSFailure,TabM_GPU,50666,25334,0.009109955816081578,0.02011689778646658,0.0012891367077827454,0.0010912202997133136,0.9940396547317505,0.002060891129076481
Amazon_employee_access,TabM_GPU,21846,10923,0.09117145896077102,0.17494782942432832,0.028182275593280792,0.00283610075712204,0.9430559277534485,0.0011343159712851048
Bank_Customer_Churn,TabM_GPU,6666,3334,0.1978948838680169,0.32771991227942165,0.020584722980856895,0.01350208930671215,0.865626871585846,0.0005663482006639242
Bioresponse,TabM_GPU,2500,1251,0.2895073631060741,0.4536180027400726,0.025924324989318848,0.016954246908426285,0.7961630821228027,0.0003669559955596924
Diabetes130US,TabM_GPU,47678,23840,0.15640833854123168,0.2869328133449696,0.04263696074485779,0.005518569611012936,0.9119966626167297,0.002031107898801565
E-CommereShippingData,TabM_GPU,7332,3667,0.354455243116229,0.49619931390973165,0.12013451009988785,0.007618296425789595,0.6839378476142883,0.0006327549926936626
Fitness_Club,TabM_GPU,1000,500,0.32589575000324417,0.495066404000304,0.05172253027558327,0.05055860057473183,0.7580000162124634,0.0003113148268312216
GiveMeSomeCredit,TabM_GPU,100000,50000,0.09794595247003651,0.18378717382672702,0.019043125212192535,0.0027908089105039835,0.9387199878692627,0.004358041798695922
HR_Analytics_Job_Change_of_Data_Scientists,TabM_GPU,12772,6386,0.2706789031909798,0.42674292794355384,0.014293789863586426,0.02080303058028221,0.8022236227989197,0.0010076290927827358
Is-this-a-good-customer,TabM_GPU,1148,575,0.19452192622826853,0.3397447440422817,0.0480743944644928,0.03659386187791824,0.8852173686027527,0.00031099398620426655
Marketing_Campaign,TabM_GPU,1493,747,0.15047164808248084,0.24866409029042483,0.025643114000558853,0.02887607552111149,0.8955823183059692,0.0003097199369221926
NATICUSdroid,TabM_GPU,4994,2497,0.08521449332074832,0.1502807927244166,0.009208849631249905,0.010064823552966118,0.9411293268203735,0.00046353484503924847
bank-marketing,TabM_GPU,30140,15071,0.17302217322424182,0.30312851763000986,0.015012409538030624,0.007608276791870594,0.8941676020622253,0.0015329099260270596
blood-transfusion-service-center,TabM_GPU,498,250,0.30934476783875126,0.4927429903749428,0.03685837239027023,0.06821392476558685,0.7799999713897705,0.00025713187642395496
churn,TabM_GPU,3333,1667,0.06519545133555964,0.13579387687138017,0.01074239145964384,0.010432437062263489,0.9628074169158936,0.0003779169637709856
coil2000_insurance_policies,TabM_GPU,6548,3274,0.1077005996695776,0.21041223865478173,0.026341918855905533,0.007970276288688183,0.9404398202896118,0.0004991788882762194
credit-g,TabM_GPU,666,334,0.340079377429205,0.5192493912079437,0.03336677700281143,0.045305583626031876,0.7455089688301086,0.0002624529879540205
credit_card_clients_default,TabM_GPU,20000,10000,0.26504182233736895,0.4245855840582528,0.03350891172885895,0.010057256557047367,0.8234000205993652,0.00120286806486547
customer_satisfaction_in_airline,TabM_GPU,86586,43294,0.052823729643785365,0.08900026033735649,0.0035093165934085846,0.0029228178318589926,0.9624890089035034,0.004267610842362046
diabetes,TabM_GPU,512,256,0.3635491154014721,0.5458423702686432,0.06873562186956406,0.12023290246725082,0.76171875,0.0002769099082797766
hazelnut-spread-contaminant-detection,TabM_GPU,1600,800,0.11167206236575716,0.18772251341848595,0.019461581483483315,0.024185558781027794,0.9200000166893005,0.00032004411332309246
heloc,TabM_GPU,6972,3487,0.36681629547461075,0.5468265558432749,0.02229965478181839,0.021374227479100227,0.7298537492752075,0.0006457921117544174
in_vehicle_coupon_recommendation,TabM_GPU,8456,4228,0.30146273170998505,0.46560721935094046,0.027835965156555176,0.02134655974805355,0.7802743911743164,0.000721147982403636
jm1,TabM_GPU,7256,3629,0.27243760696464775,0.4320824010257645,0.03661361336708069,0.00862270686775446,0.812345027923584,0.0005856340285390615
kddcup09_appetency,TabM_GPU,33333,16667,0.034280141484134836,0.0854887180966904,0.014936486259102821,0.0004996099742129445,0.9821803569793701,0.0014986870810389519
online_shoppers_intention,TabM_GPU,8220,4110,0.14400497084080172,0.2450968848505598,0.015391016378998756,0.0089490357786417,0.9017031788825989,0.00060887704603374
polish_companies_bankruptcy,TabM_GPU,3940,1970,0.041150659192624874,0.0831925840620738,0.011203698813915253,0.0096402233466506,0.9736040830612183,0.00039923982694745064
qsar-biodeg,TabM_GPU,702,352,0.18835081237181617,0.32636437528307133,0.03674320876598358,0.048305023461580276,0.8806818127632141,0.0002685410436242819
seismic-bumps,TabM_GPU,1722,862,0.11485491436328793,0.21713445123797134,0.026903260499238968,0.007255124393850565,0.9338747262954712,0.00029709283262491226
taiwanese_bankruptcy_prediction,TabM_GPU,4546,2273,0.044916422390722015,0.08942104895115076,0.007458556909114122,0.005241209641098976,0.9705235362052917,0.00041108299046754837
APSFailure,RealMLP_GPU,50666,25334,0.011008836769997513,0.023154270660745883,0.0013286996399983764,0.0010352126555517316,0.9928159713745117,0.0021083219908177853
Amazon_employee_access,RealMLP_GPU,21846,10923,0.08053495124188666,0.15614666118335888,0.017040103673934937,0.005487971007823944,0.9502883553504944,0.001176181947812438
Bank_Customer_Churn,RealMLP_GPU,6666,3334,0.20110062705148585,0.33041949697243117,0.031719669699668884,0.0144294872879982,0.8653269410133362,0.0005597849376499653
Bioresponse,RealMLP_GPU,2500,1251,0.28271123542636006,0.4444624895118016,0.023895174264907837,0.032402608543634415,0.7961630821228027,0.0003771428018808365
Diabetes130US,RealMLP_GPU,47678,23840,0.15470140238659688,0.28405197191220677,0.042522601783275604,0.005136989057064056,0.9119966626167297,0.002033362165093422
E-CommereShippingData,RealMLP_GPU,7332,3667,0.35647029610501835,0.5007022146065102,0.1067412942647934,0.018836714327335358,0.6872102618217468,0.0005818640347570181
Fitness_Club,RealMLP_GPU,1000,500,0.3214490626033379,0.49177889959092547,0.045800674706697464,0.04225653409957886,0.7739999890327454,0.00028199912048876286
GiveMeSomeCredit,RealMLP_GPU,100000,50000,0.09858115274387172,0.18495199591351477,0.019335094839334488,0.002291198819875717,0.9382200241088867,0.00454430584795773
HR_Analytics_Job_Change_of_Data_Scientists,RealMLP_GPU,12772,6386,0.2717393687577636,0.4270405979676915,0.016105778515338898,0.016823265701532364,0.7989351749420166,0.0011081930715590715
Is-this-a-good-customer,RealMLP_GPU,1148,575,0.1903890249989334,0.32642329836822803,0.034442413598299026,0.020739739760756493,0.8852173686027527,0.0002934450749307871
Marketing_Campaign,RealMLP_GPU,1493,747,0.14963681856722177,0.2501909688612487,0.010536005720496178,0.013467026874423027,0.898259699344635,0.0003052609972655773
NATICUSdroid,RealMLP_GPU,4994,2497,0.0854161800349108,0.15353837625781358,0.009831791743636131,0.01076322328299284,0.9415298104286194,0.0004798711743205786
bank-marketing,RealMLP_GPU,30140,15071,0.1729645807503473,0.3035928803836504,0.041170716285705566,0.005117073189467192,0.8930395841598511,0.0015972279943525791
blood-transfusion-service-center,RealMLP_GPU,498,250,0.3130078536245206,0.5093456529384385,0.060752637684345245,0.06734300404787064,0.7919999957084656,0.00025674584321677685
churn,RealMLP_GPU,3333,1667,0.06387539678269888,0.13156933715218871,0.016085615381598473,0.010562811978161335,0.9604079127311707,0.00037429691292345524
coil2000_insurance_policies,RealMLP_GPU,6548,3274,0.10711025072176644,0.20915663298654563,0.02930852398276329,0.0027440062258392572,0.9404398202896118,0.0004914929158985615
credit-g,RealMLP_GPU,666,334,0.32386442233663265,0.499150002828623,0.039933979511260986,0.051960237324237823,0.7784430980682373,0.0002739860210567713
credit_card_clients_default,RealMLP_GPU,20000,10000,0.2660534373977176,0.4262865110445744,0.03372760862112045,0.01462946180254221,0.8230000138282776,0.001206546789035201
customer_satisfaction_in_airline,RealMLP_GPU,86586,43294,0.05373321502427894,0.09141657490392377,0.0059323678724467754,0.001823266502469778,0.9619808793067932,0.003769506001845002
diabetes,RealMLP_GPU,512,256,0.30952418913090596,0.4756955297961399,0.03140353411436081,0.033249709755182266,0.78515625,0.00030374503694474697
hazelnut-spread-contaminant-detection,RealMLP_GPU,1600,800,0.09214996320355456,0.16048692069338588,0.011845886707305908,0.015472649596631527,0.9237499833106995,0.0003280967939645052
heloc,RealMLP_GPU,6972,3487,0.3632449547361159,0.5436859574835121,0.018857687711715698,0.017917070537805557,0.734728991985321,0.0007049571722745895
in_vehicle_coupon_recommendation,RealMLP_GPU,8456,4228,0.3066196981468505,0.4731920841666822,0.031469911336898804,0.02733229100704193,0.7840586304664612,0.0007345119956880808
jm1,RealMLP_GPU,7256,3629,0.2690476024067561,0.42801160982198183,0.04327602684497833,0.011699746362864971,0.8162028193473816,0.0005956171080470085
kddcup09_appetency,RealMLP_GPU,33333,16667,0.03425447397281236,0.08581183336210432,0.015317987650632858,0.0005012628389522433,0.9821803569793701,0.0016189860180020332
online_shoppers_intention,RealMLP_GPU,8220,4110,0.14593397574028466,0.24762614601795335,0.016605950891971588,0.01444569043815136,0.9012165665626526,0.0006276159547269344
polish_companies_bankruptcy,RealMLP_GPU,3940,1970,0.04463167160177532,0.09497509356062042,0.010511796921491623,0.00742105208337307,0.9715735912322998,0.00039923214353621006
qsar-biodeg,RealMLP_GPU,702,352,0.1867193855059801,0.3215345134640979,0.03729131445288658,0.05920197069644928,0.875,0.00027524889446794987
seismic-bumps,RealMLP_GPU,1722,862,0.11031073656309955,0.20602068812028296,0.02431875467300415,0.007012374699115753,0.9338747262954712,0.00030663609504699707
taiwanese_bankruptcy_prediction,RealMLP_GPU,4546,2273,0.046031920860187855,0.09037593266584733,0.010988659225404263,0.009631907567381859,0.968323826789856,0.0004159931559115648
APSFailure,BetaTabPFN_GPU,50666,25334,0.009640676974455902,0.021870011681412577,0.0018384538125246763,0.0015295101329684258,0.9939212203025818,0.002562269102782011
Amazon_employee_access,BetaTabPFN_GPU,21846,10923,0.089592230418087,0.17282169405190592,0.022987358272075653,0.008042460307478905,0.9447038173675537,0.0011920940596610308
Bank_Customer_Churn,BetaTabPFN_GPU,6666,3334,0.20004499017178712,0.33282216078784926,0.02530789002776146,0.014784448780119419,0.8686262965202332,0.0005788200069218874
Bioresponse,BetaTabPFN_GPU,2500,1251,0.3152506839799666,0.48050281202234246,0.026430398225784302,0.03390363231301308,0.7769784331321716,0.0003806990571320057
Diabetes130US,BetaTabPFN_GPU,47678,23840,0.15640585630245313,0.2874884696487803,0.049238912761211395,0.0062758601270616055,0.9119966626167297,0.0020462048705667257
E-CommereShippingData,BetaTabPFN_GPU,7332,3667,0.3543608797731565,0.5002577079360127,0.12621790170669556,0.004565639887005091,0.6885737776756287,0.0005789720453321934
Fitness_Club,BetaTabPFN_GPU,1000,500,0.31674262047629836,0.48534789933213224,0.03354595601558685,0.033057793974876404,0.7760000228881836,0.00028247316367924213
GiveMeSomeCredit,BetaTabPFN_GPU,100000,50000,0.0986711952926863,0.18624239629369263,0.021538076922297478,0.002714460948482156,0.9379799962043762,0.0038448721170425415
HR_Analytics_Job_Change_of_Data_Scientists,BetaTabPFN_GPU,12772,6386,0.27177272191183394,0.42771219154023593,0.013802986592054367,0.013139808550477028,0.8041027188301086,0.0009119471069425344
Is-this-a-good-customer,BetaTabPFN_GPU,1148,575,0.1936458129648693,0.3346098746177456,0.04351021349430084,0.02211947552859783,0.8852173686027527,0.0002997610718011856
Marketing_Campaign,BetaTabPFN_GPU,1493,747,0.13642675404834737,0.23126397141838084,0.019753657281398773,0.032075878232717514,0.9009370803833008,0.00030069006606936455
NATICUSdroid,BetaTabPFN_GPU,4994,2497,0.0858883020597799,0.15532834861860792,0.009820064529776573,0.006169886793941259,0.9423307776451111,0.0004713700618594885
bank-marketing,BetaTabPFN_GPU,30140,15071,0.17370506488577053,0.304692591006111,0.038476213812828064,0.00729158241301775,0.8932386636734009,0.0015052910894155502
blood-transfusion-service-center,BetaTabPFN_GPU,498,250,0.31806579983639444,0.5340533585318801,0.0588429719209671,0.10396259278059006,0.8159999847412109,0.0002631731331348419
churn,BetaTabPFN_GPU,3333,1667,0.059458799312611284,0.12331462769055092,0.014990605413913727,0.01307898573577404,0.9634073376655579,0.00037105102092027664
coil2000_insurance_policies,BetaTabPFN_GPU,6548,3274,0.1070521538461537,0.21052560359861944,0.03288733959197998,0.003845976432785392,0.9404398202896118,0.0005097179673612118
credit-g,BetaTabPFN_GPU,666,334,0.35396512621136705,0.54339388980391,0.04976629465818405,0.07269851118326187,0.727544903755188,0.0002645510248839855
credit_card_clients_default,BetaTabPFN_GPU,20000,10000,0.26489858379924247,0.42307528696552654,0.03740641474723816,0.005931897088885307,0.8223000168800354,0.0011879289522767067
customer_satisfaction_in_airline,BetaTabPFN_GPU,86586,43294,0.07130285864797681,0.12173193126168745,0.004321256186813116,0.00317617179825902,0.9498544931411743,0.0035474258475005627
diabetes,BetaTabPFN_GPU,512,256,0.3181132157310399,0.481665644092792,0.049939002841711044,0.052509911358356476,0.7734375,0.00027604703791439533
hazelnut-spread-contaminant-detection,BetaTabPFN_GPU,1600,800,0.12596626020309173,0.22401358330474688,0.016237791627645493,0.022666260600090027,0.9175000190734863,0.00031451089307665825
heloc,BetaTabPFN_GPU,6972,3487,0.36690970718548627,0.5477465238013546,0.021625259891152382,0.022038767114281654,0.728419840335846,0.0006607940886169672
in_vehicle_coupon_recommendation,BetaTabPFN_GPU,8456,4228,0.32170669735388246,0.4915829817829997,0.02748912200331688,0.01948648877441883,0.7675023674964905,0.0007273249793797731
jm1,BetaTabPFN_GPU,7256,3629,0.2698714553361404,0.4285607949755853,0.0480654314160347,0.010277209803462029,0.8142738938331604,0.0005742090288549662
kddcup09_appetency,BetaTabPFN_GPU,33333,16667,0.03480734298961166,0.08856277276073568,0.016876643523573875,0.0005107602337375283,0.9821803569793701,0.001492024166509509
online_shoppers_intention,BetaTabPFN_GPU,8220,4110,0.14312180709224745,0.24327991602049173,0.018428701907396317,0.007699082605540752,0.9007299542427063,0.0006260978989303112
polish_companies_bankruptcy,BetaTabPFN_GPU,3940,1970,0.046615441651886406,0.1002418042632833,0.013273220509290695,0.010953245684504509,0.9751269221305847,0.0003893468528985977
qsar-biodeg,BetaTabPFN_GPU,702,352,0.20263707192993746,0.33694635383114124,0.039745938032865524,0.05181460827589035,0.8636363744735718,0.0002720968332141638
seismic-bumps,BetaTabPFN_GPU,1722,862,0.1111140714769949,0.21136797932499968,0.029081182554364204,0.005127240438014269,0.9338747262954712,0.00030058808624744415
taiwanese_bankruptcy_prediction,BetaTabPFN_GPU,4546,2273,0.04501447699017761,0.08969920145103906,0.0077593158930540085,0.0085289953276515,0.9731632471084595,0.00041678501293063164
APSFailure,ModernNCA_GPU,50666,25334,0.00935077079890936,0.020176368333877457,0.002034344244748354,0.0025143565144389868,0.9940791130065918,0.0020842901431024075
Amazon_employee_access,ModernNCA_GPU,21846,10923,0.08185477708539574,0.15991610647851456,0.01986318826675415,0.009455504827201366,0.9488235712051392,0.0011615620460361242
Bank_Customer_Churn,ModernNCA_GPU,6666,3334,0.19998589387126256,0.33084550507366317,0.02195437252521515,0.016768310219049454,0.8680263757705688,0.0005717340391129255
Bioresponse,ModernNCA_GPU,2500,1251,0.2925709250929872,0.45834861369715396,0.02558910846710205,0.04860437288880348,0.7937650084495544,0.00036979210563004017
Diabetes130US,ModernNCA_GPU,47678,23840,0.1553778859248737,0.28508953357914885,0.03973068296909332,0.004693447612226009,0.9119966626167297,0.0020775930024683475
E-CommereShippingData,ModernNCA_GPU,7332,3667,0.35624476574744557,0.5020707369090057,0.12309852242469788,0.008201157674193382,0.6861194372177124,0.0005895108915865421
Fitness_Club,ModernNCA_GPU,1000,500,0.32537720744105814,0.4968367829136002,0.032765891402959824,0.04489907622337341,0.7599999904632568,0.0002836079802364111
GiveMeSomeCredit,ModernNCA_GPU,100000,50000,0.09837433927548336,0.18521813807306095,0.019992569461464882,0.0026593441143631935,0.9387400150299072,0.003910612082108855
HR_Analytics_Job_Change_of_Data_Scientists,ModernNCA_GPU,12772,6386,0.26995170981062283,0.4251366479295889,0.0328620970249176,0.015563711524009705,0.8033197522163391,0.0009824070148169994
Is-this-a-good-customer,ModernNCA_GPU,1148,575,0.19985253264748493,0.34917374193413087,0.04041258245706558,0.04332900047302246,0.8852173686027527,0.00030957814306020737
Marketing_Campaign,ModernNCA_GPU,1493,747,0.13999137627786618,0.2292818382541456,0.019346415996551514,0.02684905007481575,0.9022757411003113,0.0003051918465644121
NATICUSdroid,ModernNCA_GPU,4994,2497,0.08714494638753953,0.1531344054288653,0.010213296860456467,0.012658159248530865,0.9403284192085266,0.0004780231975018978
bank-marketing,ModernNCA_GPU,30140,15071,0.17352333198791217,0.3040959193592483,0.03885739669203758,0.005550961010158062,0.8937695026397705,0.00157976895570755
blood-transfusion-service-center,ModernNCA_GPU,498,250,0.31762593296625924,0.5054048043011953,0.0650915801525116,0.06223778799176216,0.7960000038146973,0.0002825991250574589
churn,ModernNCA_GPU,3333,1667,0.06365522363177435,0.12951611891286716,0.010412377305328846,0.010886161588132381,0.9610077738761902,0.00039482489228248596
coil2000_insurance_policies,ModernNCA_GPU,6548,3274,0.10735675950383515,0.20993562362881524,0.028559397906064987,0.004076405894011259,0.9404398202896118,0.000512370141223073
credit-g,ModernNCA_GPU,666,334,0.3531118569586492,0.5416081538073526,0.049163274466991425,0.06897558271884918,0.7514970302581787,0.0002675538416951895
credit_card_clients_default,ModernNCA_GPU,20000,10000,0.26496888704935356,0.4235469640225596,0.03706516698002815,0.006589474622160196,0.8235999941825867,0.0012328419834375381
customer_satisfaction_in_airline,ModernNCA_GPU,86586,43294,0.0555490857407345,0.09763800476926768,0.002547612413764,0.002282680943608284,0.9611262679100037,0.003744445974007249
diabetes,ModernNCA_GPU,512,256,0.3319107110844267,0.5051469738133257,0.04179508611559868,0.07215287536382675,0.7578125,0.0003076479770243168
hazelnut-spread-contaminant-detection,ModernNCA_GPU,1600,800,0.08866826305323261,0.1562227176332902,0.015991467982530594,0.024769248440861702,0.9487500190734863,0.00032637896947562695
heloc,ModernNCA_GPU,6972,3487,0.3651977348572604,0.5461876420491887,0.022933974862098694,0.018006309866905212,0.7344422340393066,0.0006612460128962994
in_vehicle_coupon_recommendation,ModernNCA_GPU,8456,4228,0.317528846653362,0.48995175579855277,0.029056034982204437,0.0380244255065918,0.7750709652900696,0.0007225519511848688
jm1,ModernNCA_GPU,7256,3629,0.2639081439953904,0.4189874379157969,0.036179594695568085,0.013340317644178867,0.8167539238929749,0.0005811550654470921
kddcup09_appetency,ModernNCA_GPU,33333,16667,0.03500420955414117,0.08942773939205742,0.0173339806497097,2.9465705665643327e-05,0.9821803569793701,0.0015422769356518984
online_shoppers_intention,ModernNCA_GPU,8220,4110,0.141379263100985,0.2385910431831183,0.017903612926602364,0.010105371475219727,0.899756669998169,0.0006641699001193047
polish_companies_bankruptcy,ModernNCA_GPU,3940,1970,0.04200198859801264,0.08673676721098858,0.009840944781899452,0.015178910456597805,0.9736040830612183,0.0003979590255767107
qsar-biodeg,ModernNCA_GPU,702,352,0.1937684706342633,0.33105773999261634,0.041848719120025635,0.06815160810947418,0.8693181872367859,0.0002666290383785963
seismic-bumps,ModernNCA_GPU,1722,862,0.11243104382433612,0.21021096586650723,0.02344319596886635,0.013915321789681911,0.9338747262954712,0.00030042417347431183
taiwanese_bankruptcy_prediction,ModernNCA_GPU,4546,2273,0.04617284183972342,0.12826880124816492,0.008654966950416565,0.005943269934505224,0.9718433618545532,0.0004148930311203003
Bank_Customer_Churn,Mitra_GPU,6666,3334,0.1976231140634564,0.3275465275725476,0.020936984568834305,0.016983872279524803,0.8686262965202332,0.0005893390625715256
E-CommereShippingData,Mitra_GPU,7332,3667,0.35438830028491886,0.4974159102521488,0.1204134002327919,0.009230710566043854,0.6891191601753235,0.0005597798153758049
Fitness_Club,Mitra_GPU,1000,500,0.31174672163995953,0.47830394807964693,0.0379902683198452,0.04234835132956505,0.7820000052452087,0.00028150202706456184
Is-this-a-good-customer,Mitra_GPU,1148,575,0.19688438257536336,0.3372858658418639,0.04091596603393555,0.03338025510311127,0.8782608509063721,0.0002783380914479494
Marketing_Campaign,Mitra_GPU,1493,747,0.13845395681695832,0.23246207504534333,0.015442155301570892,0.031180964782834053,0.8955823183059692,0.0003082850016653538
NATICUSdroid,Mitra_GPU,4994,2497,0.0857743231978692,0.15114742129246755,0.011538947001099586,0.009566474705934525,0.9407289028167725,0.0004747919738292694
blood-transfusion-service-center,Mitra_GPU,498,250,0.3120276714241836,0.5057007175530412,0.03982265293598175,0.08661069720983505,0.800000011920929,0.0002596850972622633
churn,Mitra_GPU,3333,1667,0.04250982319463767,0.09668974972329475,0.015417950227856636,0.009300971403717995,0.976604700088501,0.00037414091639220715
coil2000_insurance_policies,Mitra_GPU,6548,3274,0.10722789473047127,0.20922853343593945,0.02875349298119545,0.002898000879213214,0.9404398202896118,0.0004967928398400545
credit-g,Mitra_GPU,666,334,0.33683082580278023,0.52145896495032,0.048507560044527054,0.06678972393274307,0.7395209670066833,0.00026519689708948135
diabetes,Mitra_GPU,512,256,0.3255103531444503,0.490052200481818,0.0359482504427433,0.05216304585337639,0.75,0.0002537621185183525
hazelnut-spread-contaminant-detection,Mitra_GPU,1600,800,0.084569143118873,0.1532578625706186,0.01695878803730011,0.016903948038816452,0.9424999952316284,0.0003246339038014412
heloc,Mitra_GPU,6972,3487,0.363216822544832,0.5431315683997242,0.018985293805599213,0.01712854765355587,0.7358760833740234,0.000678615877404809
in_vehicle_coupon_recommendation,Mitra_GPU,8456,4228,0.3229822292261261,0.494292295639192,0.035803645849227905,0.029423903673887253,0.7703405618667603,0.000753914937376976
jm1,Mitra_GPU,7256,3629,0.2693585394338941,0.4283844710166052,0.03340018913149834,0.010577061213552952,0.8184072971343994,0.0006088551599532366
online_shoppers_intention,Mitra_GPU,8220,4110,0.14237734533484278,0.2393193483928137,0.014863770455121994,0.012274680659174919,0.8995133638381958,0.0006323920097202063
polish_companies_bankruptcy,Mitra_GPU,3940,1970,0.04210597476671187,0.08393893157511455,0.011221096850931644,0.018691720440983772,0.9746192693710327,0.00039099203422665596
qsar-biodeg,Mitra_GPU,702,352,0.18816732369073585,0.31403273796437614,0.032336317002773285,0.027407238259911537,0.8664772510528564,0.0002621719613671303
seismic-bumps,Mitra_GPU,1722,862,0.11150487212255566,0.2121262378758402,0.026925694197416306,0.017610538750886917,0.9338747262954712,0.0003102109767496586
taiwanese_bankruptcy_prediction,Mitra_GPU,4546,2273,0.046113430695679074,0.09127680235333227,0.006961958482861519,0.002936811652034521,0.9705235362052917,0.0004206111188977957
APSFailure,TabDPT_GPU,50666,25334,0.011619036805704287,0.02398045432610647,0.001378556713461876,0.001386747695505619,0.9921449422836304,0.0021475639659911394
Amazon_employee_access,TabDPT_GPU,21846,10923,0.08182486104900932,0.16198475368006118,0.022678345441818237,0.0023536558728665113,0.9486404657363892,0.0012100781314074993
Bank_Customer_Churn,TabDPT_GPU,6666,3334,0.209059477500705,0.35467497121852953,0.05517568811774254,0.010972419753670692,0.8650270104408264,0.0005441829562187195
Bioresponse,TabDPT_GPU,2500,1251,0.27933785408535483,0.4390121673991714,0.025074684992432594,0.03247714415192604,0.8009592294692993,0.0003765360452234745
Diabetes130US,TabDPT_GPU,47678,23840,0.15680355155714645,0.28888904165987317,0.04784237965941429,0.005139700602740049,0.9119966626167297,0.0020529949106276035
E-CommereShippingData,TabDPT_GPU,7332,3667,0.35667631285190476,0.506214252706697,0.0484795942902565,0.01019474770873785,0.6893918514251709,0.0006160738412290812
Fitness_Club,TabDPT_GPU,1000,500,0.3386802825533893,0.5176341109975902,0.09274880588054657,0.042278144508600235,0.7540000081062317,0.000273257028311491
GiveMeSomeCredit,TabDPT_GPU,100000,50000,0.09932225094242056,0.185885171152565,0.01973959617316723,0.0027565774507820606,0.9373999834060669,0.003918254980817437
HR_Analytics_Job_Change_of_Data_Scientists,TabDPT_GPU,12772,6386,0.26953370506910357,0.42632359479938553,0.01601181924343109,0.011761372908949852,0.8066082000732422,0.0009187089744955301
Is-this-a-good-customer,TabDPT_GPU,1148,575,0.20138052947926352,0.3490396314858698,0.07344508171081543,0.0190528966486454,0.8799999952316284,0.00029162410646677017
Marketing_Campaign,TabDPT_GPU,1493,747,0.14486067537601713,0.23454907242328157,0.016529621556401253,0.023376276716589928,0.9036144614219666,0.00030832993797957897
NATICUSdroid,TabDPT_GPU,4994,2497,0.08684147738397537,0.17428161952064664,0.018585817888379097,0.005571691785007715,0.9467360973358154,0.0004590707831084728
bank-marketing,TabDPT_GPU,30140,15071,0.17293809117502804,0.30303388172750073,0.036645397543907166,0.005704698618501425,0.8938358426094055,0.0015491570811718702
blood-transfusion-service-center,TabDPT_GPU,498,250,0.3029132595056159,0.48260522982264237,0.0424666628241539,0.07539153099060059,0.7919999957084656,0.00025651510804891586
churn,TabDPT_GPU,3333,1667,0.06756461493638585,0.1365644601215183,0.01372554711997509,0.010513932444155216,0.9604079127311707,0.0003877009730786085
coil2000_insurance_policies,TabDPT_GPU,6548,3274,0.11032171293388207,0.3230679156997404,0.04689176753163338,0.0025150219444185495,0.9404398202896118,0.0004935490433126688
credit-g,TabDPT_GPU,666,334,0.34501812282933203,0.519557344629587,0.04323374480009079,0.06268545240163803,0.727544903755188,0.0002699769102036953
credit_card_clients_default,TabDPT_GPU,20000,10000,0.2656450769958706,0.423718715312773,0.044924475252628326,0.00835192110389471,0.8205000162124634,0.0012003660667687654
customer_satisfaction_in_airline,TabDPT_GPU,86586,43294,0.05491260691785621,0.09611046149136371,0.004143759608268738,0.001594476867467165,0.9612186551094055,0.0035267199855297804
diabetes,TabDPT_GPU,512,256,0.31533940760712365,0.47936800403423635,0.03702881187200546,0.03221447765827179,0.76171875,0.0002934420481324196
hazelnut-spread-contaminant-detection,TabDPT_GPU,1600,800,0.07198221693149588,0.13433479228174894,0.011959080584347248,0.018358424305915833,0.956250011920929,0.00033052614890038967
heloc,TabDPT_GPU,6972,3487,0.371242336737627,0.5547830473068411,0.027274347841739655,0.017458084970712662,0.7312876582145691,0.0006622129585593939
in_vehicle_coupon_recommendation,TabDPT_GPU,8456,4228,0.33611271553099537,0.5074508683133125,0.04197515919804573,0.025389887392520905,0.7528381943702698,0.0007419509347528219
jm1,TabDPT_GPU,7256,3629,0.26153188035774194,0.42239843886762635,0.06762373447418213,0.00663479370996356,0.8236428499221802,0.0005874480120837688
kddcup09_appetency,TabDPT_GPU,33333,16667,0.0350042094918044,0.08942773850020383,0.017333965748548508,2.8931977794854902e-05,0.9821803569793701,0.0015444920863956213
online_shoppers_intention,TabDPT_GPU,8220,4110,0.14422774117523798,0.2438628460863398,0.02002054452896118,0.012481581419706345,0.8999999761581421,0.0006390369962900877
polish_companies_bankruptcy,TabDPT_GPU,3940,1970,0.030226164558909956,0.06728735486950072,0.007033538538962603,0.007590312976390123,0.9796954393386841,0.00040913699194788933
qsar-biodeg,TabDPT_GPU,702,352,0.20804615580553165,0.3584160356727394,0.05481277033686638,0.03916032984852791,0.8778409361839294,0.00028079189360141754
seismic-bumps,TabDPT_GPU,1722,862,0.11495963793671156,0.3188135656019167,0.038680318742990494,0.01282669510692358,0.9338747262954712,0.000314394012093544
taiwanese_bankruptcy_prediction,TabDPT_GPU,4546,2273,0.0451763382513871,0.09569639307243633,0.012084045447409153,0.007363400422036648,0.9705235362052917,0.00043292902410030365
