dataset,model,cal_size,test_size,Kernel_brier,Kernel_logloss,Kernel_kuiper,Kernel_ece-15,Kernel_accuracy,Kernel_time
APSFailure,TabPFN-v2.6,50666,25334,0.008651342242956161,0.018237296491861343,0.002040071878582239,0.0018667447147890925,0.9944343566894531,11.330317204119638
Amazon_employee_access,TabPFN-v2.6,21846,10923,0.08241833001375198,0.16051766276359558,0.012800872325897217,0.011595292948186398,0.9487320184707642,4.827389833983034
Bank_Customer_Churn,TabPFN-v2.6,6666,3334,0.1976698637008667,0.32563093304634094,0.02062475122511387,0.025732088834047318,0.8680263757705688,1.0193580829072744
Bioresponse,TabPFN-v2.6,2500,1251,0.2711779773235321,0.4226861298084259,0.02450767159461975,0.034237731248140335,0.8073540925979614,0.1290491980034858
Diabetes130US,TabPFN-v2.6,47678,23840,0.1555672585964203,0.28522875905036926,0.01783318817615509,0.02283323183655739,0.9119966626167297,9.78823527903296
E-CommereShippingData,TabPFN-v2.6,7332,3667,0.3543527126312256,0.4970685541629791,0.009750545024871826,0.005628915037959814,0.6883010864257812,1.2925692449789494
Fitness_Club,TabPFN-v2.6,1000,500,0.3166344165802002,0.48313164710998535,0.040606316179037094,0.0614950954914093,0.777999997138977,0.019248858094215393
GiveMeSomeCredit,TabPFN-v2.6,100000,50000,0.09842406213283539,0.1800612062215805,0.013229717500507832,0.013030936941504478,0.9379000067710876,20.620704025030136
HR_Analytics_Job_Change_of_Data_Scientists,TabPFN-v2.6,12772,6386,0.2685786783695221,0.42466437816619873,0.013956878334283829,0.009227019734680653,0.8072345852851868,2.9461349749471992
Is-this-a-good-customer,TabPFN-v2.6,1148,575,0.19136199355125427,0.32739773392677307,0.0357205867767334,0.030519496649503708,0.8852173686027527,0.025513756088912487
Marketing_Campaign,TabPFN-v2.6,1493,747,0.13369309902191162,0.21595972776412964,0.03116968832910061,0.031284935772418976,0.9036144614219666,0.03875508392229676
NATICUSdroid,TabPFN-v2.6,4994,2497,0.08374547958374023,0.14562492072582245,0.007255133707076311,0.018438545987010002,0.945134162902832,0.765113266883418
bank-marketing,TabPFN-v2.6,30140,15071,0.17389504611492157,0.3041476011276245,0.02089536562561989,0.023948196321725845,0.8935040831565857,6.244896026095375
blood-transfusion-service-center,TabPFN-v2.6,498,250,0.3152053952217102,0.4914093017578125,0.05099575221538544,0.07520575076341629,0.7799999713897705,0.005393592873588204
churn,TabPFN-v2.6,3333,1667,0.05950329080224037,0.1219131350517273,0.007191131357103586,0.01467290148139,0.9640071988105774,0.2736465611960739
coil2000_insurance_policies,TabPFN-v2.6,6548,3274,0.10628020018339157,0.2045401930809021,0.018329203128814697,0.014689008705317974,0.9404398202896118,0.7523943451233208
credit-g,TabPFN-v2.6,666,334,0.3338928818702698,0.503447949886322,0.02071240544319153,0.05292416363954544,0.757485032081604,0.009334261994808912
credit_card_clients_default,TabPFN-v2.6,20000,10000,0.2635272443294525,0.4213048815727234,0.015575246885418892,0.016397159546613693,0.8238000273704529,4.628417134983465
customer_satisfaction_in_airline,TabPFN-v2.6,86586,43294,0.053021300584077835,0.08804429322481155,0.00448965560644865,0.005981224123388529,0.9630202651023865,35.627806996926665
diabetes,TabPFN-v2.6,512,256,0.3131679594516754,0.4719606637954712,0.03485092893242836,0.09603117406368256,0.76171875,0.005212737945839763
hazelnut-spread-contaminant-detection,TabPFN-v2.6,1600,800,0.06636703014373779,0.1274084597826004,0.01849905401468277,0.02297321893274784,0.9599999785423279,0.07798224408179522
heloc,TabPFN-v2.6,6972,3487,0.36347880959510803,0.5434192419052124,0.011772718280553818,0.02315014973282814,0.7310008406639099,0.8577745391521603
in_vehicle_coupon_recommendation,TabPFN-v2.6,8456,4228,0.29814091324806213,0.46108129620552063,0.012098760344088078,0.02134297601878643,0.7904446721076965,1.390986735932529
jm1,TabPFN-v2.6,7256,3629,0.2588808238506317,0.4109627306461334,0.023482754826545715,0.029702499508857727,0.8208872675895691,0.9631613218225539
kddcup09_appetency,TabPFN-v2.6,33333,16667,0.03417407348752022,0.08083190023899078,0.009461471810936928,0.00822952389717102,0.9821803569793701,6.0141785829328
online_shoppers_intention,TabPFN-v2.6,8220,4110,0.1405009925365448,0.22861343622207642,0.01751161552965641,0.022627491503953934,0.9031630158424377,1.6283260649070144
polish_companies_bankruptcy,TabPFN-v2.6,3940,1970,0.025197364389896393,0.05390271171927452,0.007184045854955912,0.007701977156102657,0.9847715497016907,0.32074134703725576
qsar-biodeg,TabPFN-v2.6,702,352,0.18851150572299957,0.32025930285453796,0.0447414256632328,0.05632506683468819,0.8778409361839294,0.010715099051594734
seismic-bumps,TabPFN-v2.6,1722,862,0.1152435764670372,0.21399004757404327,0.026008596643805504,0.01956206187605858,0.9338747262954712,0.05269389506429434
taiwanese_bankruptcy_prediction,TabPFN-v2.6,4546,2273,0.044325876981019974,0.08399513363838196,0.010154135525226593,0.011009491980075836,0.9727232456207275,0.3904464519582689
APSFailure,TabICLv2,50666,25334,0.008206810802221298,0.01857393980026245,0.001591451815329492,0.0019291054923087358,0.9947896003723145,9.963106851093471
Amazon_employee_access,TabICLv2,21846,10923,0.0818231925368309,0.15945711731910706,0.013187113218009472,0.011773969046771526,0.9488235712051392,4.511014059884474
Bank_Customer_Churn,TabICLv2,6666,3334,0.19857417047023773,0.3273542523384094,0.0238364115357399,0.026925047859549522,0.8683263063430786,0.9504394859541208
Bioresponse,TabICLv2,2500,1251,0.29101958870887756,0.45163673162460327,0.02994729019701481,0.03839020058512688,0.8009592294692993,0.10988500691018999
Diabetes130US,TabICLv2,47678,23840,0.15643462538719177,0.28669023513793945,0.016381792724132538,0.01915898360311985,0.9119547009468079,9.414821074111387
E-CommereShippingData,TabICLv2,7332,3667,0.35388749837875366,0.4970947504043579,0.006471530068665743,0.006401756778359413,0.6888464689254761,1.2746064069215208
Fitness_Club,TabICLv2,1000,500,0.31607168912887573,0.4813275635242462,0.037735216319561005,0.06240313500165939,0.777999997138977,0.020684143994003534
GiveMeSomeCredit,TabICLv2,100000,50000,0.09859718382358551,0.18027149140834808,0.014821000397205353,0.011921589262783527,0.9370999932289124,21.70729330694303
HR_Analytics_Job_Change_of_Data_Scientists,TabICLv2,12772,6386,0.2671477198600769,0.42267701029777527,0.01190130040049553,0.011206153780221939,0.8088005185127258,3.039388820063323
Is-this-a-good-customer,TabICLv2,1148,575,0.19118139147758484,0.3270132839679718,0.03558097034692764,0.039678942412137985,0.8852173686027527,0.02490989095531404
Marketing_Campaign,TabICLv2,1493,747,0.1373685896396637,0.21896091103553772,0.028006594628095627,0.032715391367673874,0.898259699344635,0.03882974595762789
NATICUSdroid,TabICLv2,4994,2497,0.08154398947954178,0.14355036616325378,0.009424682706594467,0.019081734120845795,0.9459351301193237,0.773291579913348
bank-marketing,TabICLv2,30140,15071,0.17276693880558014,0.3028274476528168,0.01896367035806179,0.02758048288524151,0.89463210105896,6.306313792942092
blood-transfusion-service-center,TabICLv2,498,250,0.3060486912727356,0.4789792597293854,0.050679221749305725,0.0797019749879837,0.7839999794960022,0.005211442010477185
churn,TabICLv2,3333,1667,0.050486527383327484,0.11491668969392776,0.010881376452744007,0.012111234478652477,0.9706058502197266,0.30261045205406845
coil2000_insurance_policies,TabICLv2,6548,3274,0.10672078281641006,0.20507818460464478,0.017345871776342392,0.013886097818613052,0.9404398202896118,0.7473370628431439
credit-g,TabICLv2,666,334,0.3264855742454529,0.49668240547180176,0.02103400230407715,0.048689961433410645,0.7634730339050293,0.008433002047240734
credit_card_clients_default,TabICLv2,20000,10000,0.26255548000335693,0.41979795694351196,0.012746462598443031,0.015609430149197578,0.8234000205993652,4.638330469839275
customer_satisfaction_in_airline,TabICLv2,86586,43294,0.053570352494716644,0.08944876492023468,0.005489449016749859,0.0066603804007172585,0.9622349739074707,35.512339698849246
diabetes,TabICLv2,512,256,0.30554476380348206,0.46417462825775146,0.03124179318547249,0.08160700649023056,0.7578125,0.004748424049466848
hazelnut-spread-contaminant-detection,TabICLv2,1600,800,0.05248640477657318,0.09708558768033981,0.013352794572710991,0.022186655551195145,0.9637500047683716,0.07914154417812824
heloc,TabICLv2,6972,3487,0.36290955543518066,0.5424647331237793,0.01199190691113472,0.02735750749707222,0.7338686585426331,0.8778458579909056
in_vehicle_coupon_recommendation,TabICLv2,8456,4228,0.3113915026187897,0.4774782061576843,0.009002583101391792,0.0217960886657238,0.7800378203392029,1.5564794559031725
jm1,TabICLv2,7256,3629,0.2600474953651428,0.4108434021472931,0.007618602365255356,0.01622532680630684,0.8197850584983826,0.963206643005833
kddcup09_appetency,TabICLv2,33333,16667,0.03430861979722977,0.08184968680143356,0.009702570736408234,0.008809829130768776,0.9821803569793701,6.007083613192663
online_shoppers_intention,TabICLv2,8220,4110,0.14209312200546265,0.23047229647636414,0.018270330503582954,0.022824404761195183,0.9002432823181152,1.6421225811354816
polish_companies_bankruptcy,TabICLv2,3940,1970,0.02945571392774582,0.061407268047332764,0.007311031688004732,0.009768333286046982,0.9817258715629578,0.31260754098184407
qsar-biodeg,TabICLv2,702,352,0.17290130257606506,0.30074214935302734,0.040235504508018494,0.04790071025490761,0.8892045617103577,0.00972536695189774
seismic-bumps,TabICLv2,1722,862,0.11322998255491257,0.2109566479921341,0.023149440065026283,0.016533493995666504,0.9338747262954712,0.047527961200103164
taiwanese_bankruptcy_prediction,TabICLv2,4546,2273,0.04330221191048622,0.08407271653413773,0.01187815424054861,0.011588004417717457,0.9709634780883789,0.3926945209968835
APSFailure,RealTabPFN-v2.5,50666,25334,0.008806209079921246,0.018053658306598663,0.0018690741853788495,0.0019979416392743587,0.9946711659431458,10.211957765975967
Amazon_employee_access,RealTabPFN-v2.5,21846,10923,0.08436579257249832,0.16658693552017212,0.015137748792767525,0.013316592201590538,0.9479081034660339,4.709128640126437
Bank_Customer_Churn,RealTabPFN-v2.5,6666,3334,0.19585874676704407,0.3220789432525635,0.021892273798584938,0.025648489594459534,0.8707258701324463,0.8325316119007766
Bioresponse,RealTabPFN-v2.5,2500,1251,0.27153465151786804,0.4239698648452759,0.025837868452072144,0.044654637575149536,0.808952808380127,0.11508148512803018
Diabetes130US,RealTabPFN-v2.5,47678,23840,0.15617434680461884,0.2865855097770691,0.016779223456978798,0.02058669924736023,0.911828875541687,9.449182488955557
E-CommereShippingData,RealTabPFN-v2.5,7332,3667,0.354330450296402,0.4953051507472992,0.007534652948379517,0.004474650137126446,0.6872102618217468,1.3420301850419492
Fitness_Club,RealTabPFN-v2.5,1000,500,0.3182387948036194,0.4851786196231842,0.04293523356318474,0.06033863499760628,0.777999997138977,0.01700179185718298
GiveMeSomeCredit,RealTabPFN-v2.5,100000,50000,0.09819256514310837,0.1792195737361908,0.014681654050946236,0.013641937635838985,0.9367600083351135,20.269392549060285
HR_Analytics_Job_Change_of_Data_Scientists,RealTabPFN-v2.5,12772,6386,0.2681901752948761,0.4243330657482147,0.014067567884922028,0.011320346035063267,0.8077043294906616,2.9797036370728165
Is-this-a-good-customer,RealTabPFN-v2.5,1148,575,0.19746576249599457,0.33981403708457947,0.03750182315707207,0.041217487305402756,0.8799999952316284,0.021446220111101866
Marketing_Campaign,RealTabPFN-v2.5,1493,747,0.135696679353714,0.2190660834312439,0.031223751604557037,0.0301685594022274,0.898259699344635,0.03962348704226315
NATICUSdroid,RealTabPFN-v2.5,4994,2497,0.0849672481417656,0.14688357710838318,0.007857930846512318,0.01470161136239767,0.9407289028167725,0.7274452990386635
bank-marketing,RealTabPFN-v2.5,30140,15071,0.1712617129087448,0.29886049032211304,0.0037713684141635895,0.008834096603095531,0.8942339420318604,6.910008480073884
blood-transfusion-service-center,RealTabPFN-v2.5,498,250,0.30988526344299316,0.48480433225631714,0.06965114176273346,0.07187522947788239,0.7799999713897705,0.0060122050344944
churn,RealTabPFN-v2.5,3333,1667,0.04985864832997322,0.1060982346534729,0.006645601242780685,0.01324844267219305,0.9682063460350037,0.21621774206869304
coil2000_insurance_policies,RealTabPFN-v2.5,6548,3274,0.11183629930019379,0.2237345576286316,0.02705840766429901,0.014562027528882027,0.9404398202896118,0.7598914001137018
credit-g,RealTabPFN-v2.5,666,334,0.33048367500305176,0.500017523765564,0.020076774060726166,0.04984613507986069,0.7544910311698914,0.00788077199831605
credit_card_clients_default,RealTabPFN-v2.5,20000,10000,0.2633463740348816,0.4209815561771393,0.015493707731366158,0.017935631796717644,0.8228999972343445,5.066307254834101
customer_satisfaction_in_airline,RealTabPFN-v2.5,86586,43294,0.05432378873229027,0.09116760641336441,0.005121215246617794,0.0062705292366445065,0.9620270729064941,35.87435258110054
diabetes,RealTabPFN-v2.5,512,256,0.30868643522262573,0.4660159945487976,0.021279454231262207,0.05368734896183014,0.765625,0.004996336996555328
hazelnut-spread-contaminant-detection,RealTabPFN-v2.5,1600,800,0.06734741479158401,0.13097356259822845,0.016609784215688705,0.021508188918232918,0.9574999809265137,0.08161222003400326
heloc,RealTabPFN-v2.5,6972,3487,0.36369189620018005,0.5437808632850647,0.01193288341164589,0.020992666482925415,0.7332950830459595,0.8478211001493037
in_vehicle_coupon_recommendation,RealTabPFN-v2.5,8456,4228,0.30831053853034973,0.47406846284866333,0.017996765673160553,0.03281942754983902,0.7831125855445862,1.2467505738604814
jm1,RealTabPFN-v2.5,7256,3629,0.26313257217407227,0.41711780428886414,0.026706110686063766,0.03844783082604408,0.8162028193473816,0.932949123904109
kddcup09_appetency,RealTabPFN-v2.5,33333,16667,0.03404127433896065,0.0804867073893547,0.009462684392929077,0.008527403697371483,0.9821803569793701,5.995008466998115
online_shoppers_intention,RealTabPFN-v2.5,8220,4110,0.14204274117946625,0.23526324331760406,0.022199319675564766,0.02619253471493721,0.9029197096824646,1.7175500690937042
polish_companies_bankruptcy,RealTabPFN-v2.5,3940,1970,0.022509083151817322,0.05003107711672783,0.009416352957487106,0.009943094104528427,0.9888324737548828,0.28771483805030584
qsar-biodeg,RealTabPFN-v2.5,702,352,0.18974603712558746,0.33351004123687744,0.04739196226000786,0.05655880272388458,0.8806818127632141,0.015352821908891201
seismic-bumps,RealTabPFN-v2.5,1722,862,0.1163269504904747,0.22207963466644287,0.03129734843969345,0.020611172541975975,0.9338747262954712,0.04960260004736483
taiwanese_bankruptcy_prediction,RealTabPFN-v2.5,4546,2273,0.04498976469039917,0.0926058366894722,0.013849121518433094,0.01250044908374548,0.9722833037376404,0.4015672670211643
APSFailure,TabICL_GPU,50666,25334,0.008805135264992714,0.018265198916196823,0.0019138213247060776,0.002480757422745228,0.9945132732391357,10.12533354992047
Amazon_employee_access,TabICL_GPU,21846,10923,0.0812600627541542,0.15860618650913239,0.010612545534968376,0.009858516976237297,0.9489151239395142,4.522633305983618
Bank_Customer_Churn,TabICL_GPU,6666,3334,0.2010318487882614,0.3308255672454834,0.01991056464612484,0.02919374220073223,0.8647270798683167,0.9271141611970961
Diabetes130US,TabICL_GPU,47678,23840,0.15848466753959656,0.29155096411705017,0.019061457365751266,0.021532468497753143,0.9119966626167297,9.414951439015567
E-CommereShippingData,TabICL_GPU,7332,3667,0.3548974394798279,0.4974585473537445,0.008524090051651001,0.006307606119662523,0.6893918514251709,1.2888503561262041
Fitness_Club,TabICL_GPU,1000,500,0.31620362401008606,0.4826158583164215,0.03792446479201317,0.0527166947722435,0.7760000228881836,0.01761045982129872
GiveMeSomeCredit,TabICL_GPU,100000,50000,0.09888868778944016,0.1809334009885788,0.01488130260258913,0.014417415484786034,0.9376599788665771,20.402194623136893
HR_Analytics_Job_Change_of_Data_Scientists,TabICL_GPU,12772,6386,0.26895901560783386,0.42507505416870117,0.01462860032916069,0.006936811376363039,0.8075477480888367,2.9391911420971155
Is-this-a-good-customer,TabICL_GPU,1148,575,0.19111473858356476,0.327703058719635,0.03311832994222641,0.033559419214725494,0.8852173686027527,0.020871255081146955
Marketing_Campaign,TabICL_GPU,1493,747,0.14730516076087952,0.23569872975349426,0.02993837557733059,0.044334884732961655,0.9036144614219666,0.03797692316584289
NATICUSdroid,TabICL_GPU,4994,2497,0.07996959239244461,0.14332354068756104,0.008015170693397522,0.019452765583992004,0.9467360973358154,0.7696437449194491
bank-marketing,TabICL_GPU,30140,15071,0.17357610166072845,0.30378258228302,0.01790616847574711,0.021977422758936882,0.8937695026397705,6.212863900931552
blood-transfusion-service-center,TabICL_GPU,498,250,0.3182661235332489,0.49652010202407837,0.04619798809289932,0.08995306491851807,0.7680000066757202,0.005227277986705303
churn,TabICL_GPU,3333,1667,0.06724882125854492,0.13698920607566833,0.0069636935368180275,0.015324637293815613,0.9598080515861511,0.2626592090819031
coil2000_insurance_policies,TabICL_GPU,6548,3274,0.10686278343200684,0.20687523484230042,0.017726100981235504,0.01445461343973875,0.9404398202896118,0.7494470200035721
credit-g,TabICL_GPU,666,334,0.33610764145851135,0.5079633593559265,0.02826930582523346,0.07707894593477249,0.7634730339050293,0.008048922987654805
credit_card_clients_default,TabICL_GPU,20000,10000,0.2645344138145447,0.4229871928691864,0.016094546765089035,0.015434599481523037,0.8220999836921692,4.596329400781542
customer_satisfaction_in_airline,TabICL_GPU,86586,43294,0.057615727186203,0.09622398018836975,0.0037244230043143034,0.006439997814595699,0.9596248865127563,35.35924034914933
diabetes,TabICL_GPU,512,256,0.3131829500198364,0.4728468060493469,0.03045918233692646,0.0605849027633667,0.76953125,0.004904784029349685
hazelnut-spread-contaminant-detection,TabICL_GPU,1600,800,0.06580867618322372,0.12313287705183029,0.013829503208398819,0.025447864085435867,0.9574999809265137,0.07801185292191803
heloc,TabICL_GPU,6972,3487,0.3651002049446106,0.5451088547706604,0.01068510115146637,0.019008450210094452,0.7310008406639099,0.8670799161773175
in_vehicle_coupon_recommendation,TabICL_GPU,8456,4228,0.30727139115333557,0.4719669818878174,0.007949072867631912,0.02482498809695244,0.7783822417259216,1.45453507383354
jm1,TabICL_GPU,7256,3629,0.2572743892669678,0.4084663391113281,0.019572701305150986,0.020915618166327477,0.8225406408309937,0.9471956938505173
kddcup09_appetency,TabICL_GPU,33333,16667,0.03483998775482178,0.08626005053520203,0.010096980258822441,0.007463607005774975,0.9821803569793701,5.968304542824626
online_shoppers_intention,TabICL_GPU,8220,4110,0.14290031790733337,0.23233838379383087,0.018853936344385147,0.02451612614095211,0.8992700576782227,1.653906234074384
polish_companies_bankruptcy,TabICL_GPU,3940,1970,0.042303416877985,0.09272944182157516,0.008641018532216549,0.016114825382828712,0.9746192693710327,0.30649944907054305
qsar-biodeg,TabICL_GPU,702,352,0.17662248015403748,0.2974991500377655,0.0450231209397316,0.05744526907801628,0.8778409361839294,0.011179405963048339
seismic-bumps,TabICL_GPU,1722,862,0.11557632684707642,0.21478372812271118,0.026138098910450935,0.01907769963145256,0.9338747262954712,0.050648014061152935
taiwanese_bankruptcy_prediction,TabICL_GPU,4546,2273,0.045175716280937195,0.08625444769859314,0.011377173475921154,0.010963249951601028,0.9714034199714661,0.3852751140948385
Amazon_employee_access,LimiX_GPU,21846,10923,0.08436988294124603,0.16420170664787292,0.014280162751674652,0.012793060392141342,0.9481827616691589,4.3065904611721635
Bank_Customer_Churn,LimiX_GPU,6666,3334,0.19842462241649628,0.326698899269104,0.02210952527821064,0.024817222729325294,0.86652672290802,0.9298904580064118
Bioresponse,LimiX_GPU,2500,1251,0.275468111038208,0.4276314377784729,0.02442452311515808,0.03495580330491066,0.7977617979049683,0.10613892995752394
E-CommereShippingData,LimiX_GPU,7332,3667,0.3544783592224121,0.49665528535842896,0.006824567914009094,0.00634352583438158,0.6883010864257812,1.273923336993903
Fitness_Club,LimiX_GPU,1000,500,0.3162838816642761,0.4822779893875122,0.035200417041778564,0.055618926882743835,0.7699999809265137,0.016153072007000446
HR_Analytics_Job_Change_of_Data_Scientists,LimiX_GPU,12772,6386,0.26865655183792114,0.42435571551322937,0.0149666927754879,0.009029386565089226,0.8084872961044312,2.9357888558879495
Is-this-a-good-customer,LimiX_GPU,1148,575,0.19044806063175201,0.32710787653923035,0.03306102007627487,0.02572682313621044,0.8852173686027527,0.021298313047736883
Marketing_Campaign,LimiX_GPU,1493,747,0.13471181690692902,0.21726423501968384,0.02792363613843918,0.03072105534374714,0.9062918424606323,0.0386364390142262
NATICUSdroid,LimiX_GPU,4994,2497,0.0853491872549057,0.15046326816082,0.01031457632780075,0.019543524831533432,0.9419302940368652,0.7351986442226917
bank-marketing,LimiX_GPU,30140,15071,0.17375779151916504,0.30440598726272583,0.02161761373281479,0.023540396243333817,0.8942339420318604,6.2847519719507545
blood-transfusion-service-center,LimiX_GPU,498,250,0.3082815408706665,0.48290956020355225,0.05179109424352646,0.08156180381774902,0.7720000147819519,0.005240018013864756
churn,LimiX_GPU,3333,1667,0.06581961363554001,0.13480526208877563,0.006248126737773418,0.014831546694040298,0.9604079127311707,0.2432797090150416
coil2000_insurance_policies,LimiX_GPU,6548,3274,0.1061340793967247,0.20198319852352142,0.016160685569047928,0.013871777802705765,0.9404398202896118,0.7453888051677495
credit-g,LimiX_GPU,666,334,0.3121374845504761,0.47941428422927856,0.029452502727508545,0.07968813180923462,0.78143709897995,0.008753984002396464
credit_card_clients_default,LimiX_GPU,20000,10000,0.2655121982097626,0.4244551658630371,0.019373636692762375,0.02194719947874546,0.8220000267028809,4.563767123967409
diabetes,LimiX_GPU,512,256,0.3135721981525421,0.47250720858573914,0.03303239122033119,0.07139846682548523,0.75390625,0.004787063226103783
hazelnut-spread-contaminant-detection,LimiX_GPU,1600,800,0.07218959927558899,0.12896689772605896,0.014996495097875595,0.020100971683859825,0.9537500143051147,0.07372119394131005
heloc,LimiX_GPU,6972,3487,0.36267268657684326,0.5426363348960876,0.016852859407663345,0.023038478568196297,0.7358760833740234,0.8617859059013426
in_vehicle_coupon_recommendation,LimiX_GPU,8456,4228,0.3521018922328949,0.5299139618873596,0.016049442812800407,0.027559129521250725,0.7417218685150146,1.2416729328688234
jm1,LimiX_GPU,7256,3629,0.2671883702278137,0.4228684604167938,0.01828763820230961,0.025922104716300964,0.8164783716201782,0.9212107711937279
online_shoppers_intention,LimiX_GPU,8220,4110,0.14440983533859253,0.23578345775604248,0.01974347047507763,0.026610838249325752,0.899756669998169,1.6404320350848138
polish_companies_bankruptcy,LimiX_GPU,3940,1970,0.05395049229264259,0.10117733478546143,0.014932379126548767,0.017359530553221703,0.9649746417999268,0.29418995091691613
qsar-biodeg,LimiX_GPU,702,352,0.1744479387998581,0.2990185022354126,0.041447773575782776,0.047226760536432266,0.8835227489471436,0.01040357118472457
seismic-bumps,LimiX_GPU,1722,862,0.11311353743076324,0.21130947768688202,0.02575346827507019,0.019226592034101486,0.9338747262954712,0.04674872104078531
taiwanese_bankruptcy_prediction,LimiX_GPU,4546,2273,0.044258955866098404,0.0832577645778656,0.008437931537628174,0.010136814787983894,0.9714034199714661,0.39653925504535437
APSFailure,TabM_GPU,50666,25334,0.009080926887691021,0.018521232530474663,0.0016078618355095387,0.0018567509250715375,0.9940396547317505,10.031228835927323
Amazon_employee_access,TabM_GPU,21846,10923,0.09167428314685822,0.17231474816799164,0.018038928508758545,0.016550198197364807,0.9423235654830933,4.161685670027509
Bank_Customer_Churn,TabM_GPU,6666,3334,0.19726306200027466,0.3241635859012604,0.021181244403123856,0.023066086694598198,0.8671265840530396,0.8929471678566188
Bioresponse,TabM_GPU,2500,1251,0.28401979804039,0.44319793581962585,0.018413692712783813,0.03188127279281616,0.7913669347763062,0.14085084688849747
Diabetes130US,TabM_GPU,47678,23840,0.1578657180070877,0.28970882296562195,0.020378228276968002,0.024585360661149025,0.9119966626167297,9.345470333006233
E-CommereShippingData,TabM_GPU,7332,3667,0.3549017012119293,0.4963661730289459,0.012306548655033112,0.008355706930160522,0.6888464689254761,1.299593998119235
Fitness_Club,TabM_GPU,1000,500,0.3193778693675995,0.4878091812133789,0.03498726710677147,0.04085368290543556,0.7760000228881836,0.015964831924065948
GiveMeSomeCredit,TabM_GPU,100000,50000,0.0977817252278328,0.1784193515777588,0.013495893217623234,0.011944707483053207,0.9376999735832214,19.74080290691927
HR_Analytics_Job_Change_of_Data_Scientists,TabM_GPU,12772,6386,0.26987773180007935,0.42565467953681946,0.015720747411251068,0.010623253881931305,0.8055120706558228,2.8495096180122346
Is-this-a-good-customer,TabM_GPU,1148,575,0.19302360713481903,0.33289238810539246,0.032611604779958725,0.036097001284360886,0.8852173686027527,0.020020735915750265
Marketing_Campaign,TabM_GPU,1493,747,0.14692680537700653,0.23311343789100647,0.03381957486271858,0.030922291800379753,0.8955823183059692,0.03576520294882357
NATICUSdroid,TabM_GPU,4994,2497,0.08534359931945801,0.14763636887073517,0.009628873318433762,0.019290948286652565,0.9411293268203735,0.7372937619220465
bank-marketing,TabM_GPU,30140,15071,0.17307746410369873,0.30240076780319214,0.015798859298229218,0.020794469863176346,0.8941676020622253,6.005897687980905
blood-transfusion-service-center,TabM_GPU,498,250,0.3174143433570862,0.4960481822490692,0.049432314932346344,0.11689478904008865,0.7599999904632568,0.004691193113103509
churn,TabM_GPU,3333,1667,0.06435337662696838,0.13442246615886688,0.006160146091133356,0.00998234935104847,0.9610077738761902,0.2077182240318507
coil2000_insurance_policies,TabM_GPU,6548,3274,0.1064249724149704,0.2049698680639267,0.014201818034052849,0.01130965817719698,0.9404398202896118,0.7252993851434439
credit-g,TabM_GPU,666,334,0.33079078793525696,0.5022605657577515,0.027377404272556305,0.06180630996823311,0.7664670944213867,0.007612805115059018
credit_card_clients_default,TabM_GPU,20000,10000,0.26473650336265564,0.42232295870780945,0.014066766947507858,0.01812467910349369,0.8222000002861023,4.363652125000954
customer_satisfaction_in_airline,TabM_GPU,86586,43294,0.05279288813471794,0.08641169220209122,0.004676332697272301,0.0063042836263775826,0.9625352025032043,34.108349616173655
diabetes,TabM_GPU,512,256,0.3297320008277893,0.4967889189720154,0.04552668333053589,0.0650821402668953,0.75,0.004621966974809766
hazelnut-spread-contaminant-detection,TabM_GPU,1600,800,0.1091906949877739,0.18172740936279297,0.021819405257701874,0.027880121022462845,0.9200000166893005,0.07489076303318143
heloc,TabM_GPU,6972,3487,0.3658082187175751,0.5457662343978882,0.013005506247282028,0.024216175079345703,0.7312876582145691,0.8280137008987367
in_vehicle_coupon_recommendation,TabM_GPU,8456,4228,0.300555020570755,0.4632503092288971,0.010896697640419006,0.021391451358795166,0.7824030518531799,1.4955200350377709
jm1,TabM_GPU,7256,3629,0.2722717225551605,0.4312346279621124,0.017664272338151932,0.01860709674656391,0.811793863773346,0.8936612389516085
kddcup09_appetency,TabM_GPU,33333,16667,0.03426686301827431,0.08120185881853104,0.008697016164660454,0.006879717111587524,0.9821803569793701,5.987266852054745
online_shoppers_intention,TabM_GPU,8220,4110,0.14309854805469513,0.23334647715091705,0.01753131113946438,0.020981427282094955,0.9014598727226257,1.546182953985408
polish_companies_bankruptcy,TabM_GPU,3940,1970,0.03988930210471153,0.07727348059415817,0.006031207274645567,0.010273643769323826,0.9756345152854919,0.3124229391105473
qsar-biodeg,TabM_GPU,702,352,0.183821901679039,0.3161514103412628,0.04563238099217415,0.054110053926706314,0.8892045617103577,0.009416174842044711
seismic-bumps,TabM_GPU,1722,862,0.1143689751625061,0.21241427958011627,0.024958351626992226,0.019006583839654922,0.9338747262954712,0.044777155155315995
taiwanese_bankruptcy_prediction,TabM_GPU,4546,2273,0.04506848379969597,0.08566416054964066,0.00937479455024004,0.012157664634287357,0.9714034199714661,0.36549166799522936
APSFailure,RealMLP_GPU,50666,25334,0.010979271493852139,0.021395286545157433,0.0018271924927830696,0.002426534192636609,0.9926580786705017,9.914885196834803
Amazon_employee_access,RealMLP_GPU,21846,10923,0.08084406703710556,0.15454250574111938,0.014943599700927734,0.01352686621248722,0.9493728876113892,4.364471538923681
Bank_Customer_Churn,RealMLP_GPU,6666,3334,0.19939889013767242,0.32707923650741577,0.023461636155843735,0.03150932490825653,0.8671265840530396,0.8092943250667304
Bioresponse,RealMLP_GPU,2500,1251,0.2773577570915222,0.4340045154094696,0.019474059343338013,0.03124460205435753,0.8017585873603821,0.12500085914507508
Diabetes130US,RealMLP_GPU,47678,23840,0.1561640053987503,0.28573933243751526,0.01911179907619953,0.021321766078472137,0.9119966626167297,9.14493547915481
E-CommereShippingData,RealMLP_GPU,7332,3667,0.3557313084602356,0.4991514980792999,0.011555079370737076,0.00957657303661108,0.6877556443214417,1.0222470730077475
Fitness_Club,RealMLP_GPU,1000,500,0.31860607862472534,0.4873388707637787,0.03413365036249161,0.05106890946626663,0.7739999890327454,0.015454714884981513
GiveMeSomeCredit,RealMLP_GPU,100000,50000,0.09828321635723114,0.18040353059768677,0.014463026076555252,0.013240509666502476,0.9380800127983093,19.434310148004442
HR_Analytics_Job_Change_of_Data_Scientists,RealMLP_GPU,12772,6386,0.271518349647522,0.42743849754333496,0.014050936326384544,0.008421305567026138,0.8015972375869751,2.8562751130666584
Is-this-a-good-customer,RealMLP_GPU,1148,575,0.18841275572776794,0.3232904076576233,0.03106095641851425,0.0320596843957901,0.8852173686027527,0.021186579018831253
Marketing_Campaign,RealMLP_GPU,1493,747,0.15034238994121552,0.24392418563365936,0.029842201620340347,0.0330054834485054,0.898259699344635,0.03316286182962358
NATICUSdroid,RealMLP_GPU,4994,2497,0.08446206152439117,0.14640183746814728,0.008174482733011246,0.017541704699397087,0.9415298104286194,0.742341497913003
bank-marketing,RealMLP_GPU,30140,15071,0.17342811822891235,0.30376553535461426,0.019155938178300858,0.02749238722026348,0.8943666815757751,5.985984943807125
blood-transfusion-service-center,RealMLP_GPU,498,250,0.3116036653518677,0.4901989698410034,0.05036342889070511,0.06855810433626175,0.7720000147819519,0.004702555947005749
churn,RealMLP_GPU,3333,1667,0.06217701733112335,0.12751799821853638,0.004669585730880499,0.008681110106408596,0.9610077738761902,0.21996085694991052
coil2000_insurance_policies,RealMLP_GPU,6548,3274,0.10678520053625107,0.20558154582977295,0.018302826210856438,0.014973171055316925,0.9404398202896118,0.7291547849308699
credit-g,RealMLP_GPU,666,334,0.31929007172584534,0.49001389741897583,0.02212604507803917,0.056500572711229324,0.7694610953330994,0.00734734395518899
credit_card_clients_default,RealMLP_GPU,20000,10000,0.26522573828697205,0.42392274737358093,0.015038937330245972,0.02067418023943901,0.8230999708175659,4.360517869936302
customer_satisfaction_in_airline,RealMLP_GPU,86586,43294,0.05370328575372696,0.08805723488330841,0.004981033504009247,0.006861499045044184,0.9623504281044006,34.42009703605436
diabetes,RealMLP_GPU,512,256,0.307180792093277,0.4685782790184021,0.034911442548036575,0.04717930406332016,0.78125,0.004458792973309755
hazelnut-spread-contaminant-detection,RealMLP_GPU,1600,800,0.08845186233520508,0.16252420842647552,0.019863922148942947,0.03347484767436981,0.9474999904632568,0.08813181798905134
heloc,RealMLP_GPU,6972,3487,0.3621411919593811,0.5418071150779724,0.009031031280755997,0.020537735894322395,0.734728991985321,0.8240655350964516
in_vehicle_coupon_recommendation,RealMLP_GPU,8456,4228,0.30368831753730774,0.466840922832489,0.013301300816237926,0.03041152097284794,0.7816934585571289,1.6007898561656475
jm1,RealMLP_GPU,7256,3629,0.2688896656036377,0.42559072375297546,0.02178463712334633,0.02217113971710205,0.812345027923584,0.9072016368154436
kddcup09_appetency,RealMLP_GPU,33333,16667,0.03446201980113983,0.08244160562753677,0.010295657441020012,0.008869954384863377,0.9821803569793701,5.840529724024236
online_shoppers_intention,RealMLP_GPU,8220,4110,0.14519964158535004,0.23712150752544403,0.016206156462430954,0.02608509175479412,0.899756669998169,1.4652142559643835
polish_companies_bankruptcy,RealMLP_GPU,3940,1970,0.04475398361682892,0.09212630242109299,0.012446239590644836,0.01297678705304861,0.972588837146759,0.29505539895035326
qsar-biodeg,RealMLP_GPU,702,352,0.1775149255990982,0.3109312653541565,0.040750738233327866,0.05984274297952652,0.8863636255264282,0.00898683094419539
seismic-bumps,RealMLP_GPU,1722,862,0.11284758150577545,0.2101554572582245,0.021996712312102318,0.019294101744890213,0.9338747262954712,0.04830599809065461
taiwanese_bankruptcy_prediction,RealMLP_GPU,4546,2273,0.044952113181352615,0.08262597024440765,0.010132170282304287,0.0105915991589427,0.967883825302124,0.364139546174556
APSFailure,BetaTabPFN_GPU,50666,25334,0.00954594835639,0.020556772127747536,0.0016148367431014776,0.0018536244751885533,0.9938817620277405,9.81879678601399
Amazon_employee_access,BetaTabPFN_GPU,21846,10923,0.0896785631775856,0.1706184595823288,0.01517575979232788,0.013426890596747398,0.9445207118988037,4.20886974199675
Bank_Customer_Churn,BetaTabPFN_GPU,6666,3334,0.19820977747440338,0.32642725110054016,0.022726822644472122,0.02958519570529461,0.8683263063430786,0.8783989150542766
Bioresponse,BetaTabPFN_GPU,2500,1251,0.3112196624279022,0.47570955753326416,0.030578017234802246,0.044124070554971695,0.7753797173500061,0.1015810570679605
Diabetes130US,BetaTabPFN_GPU,47678,23840,0.15826521813869476,0.29105064272880554,0.02081941068172455,0.024737365543842316,0.9119966626167297,9.12750588497147
E-CommereShippingData,BetaTabPFN_GPU,7332,3667,0.3537147641181946,0.4976741671562195,0.008172810077667236,0.004033644683659077,0.6883010864257812,1.2634550540242344
Fitness_Club,BetaTabPFN_GPU,1000,500,0.3157079219818115,0.48227459192276,0.03578605502843857,0.058466095477342606,0.7760000228881836,0.015252051874995232
GiveMeSomeCredit,BetaTabPFN_GPU,100000,50000,0.09842174500226974,0.1803666353225708,0.01524046529084444,0.013887021690607071,0.9377800226211548,19.140587414847687
HR_Analytics_Job_Change_of_Data_Scientists,BetaTabPFN_GPU,12772,6386,0.2721778452396393,0.42870065569877625,0.013634905219078064,0.013494344428181648,0.8041027188301086,2.864662504987791
Is-this-a-good-customer,BetaTabPFN_GPU,1148,575,0.19210252165794373,0.32912731170654297,0.04110625386238098,0.040332190692424774,0.8852173686027527,0.020231146132573485
Marketing_Campaign,BetaTabPFN_GPU,1493,747,0.14027997851371765,0.22807897627353668,0.03793715313076973,0.03895960748195648,0.9009370803833008,0.03440038510598242
NATICUSdroid,BetaTabPFN_GPU,4994,2497,0.0864703431725502,0.15124937891960144,0.009470148012042046,0.019397113472223282,0.9427312612533569,0.7367451910395175
bank-marketing,BetaTabPFN_GPU,30140,15071,0.17438802123069763,0.30507299304008484,0.01955641433596611,0.021249130368232727,0.8929732441902161,5.947023448999971
blood-transfusion-service-center,BetaTabPFN_GPU,498,250,0.3164272606372833,0.5001962780952454,0.05306263267993927,0.105806864798069,0.7639999985694885,0.004542309092357755
churn,BetaTabPFN_GPU,3333,1667,0.05775165185332298,0.12302234023809433,0.005922501906752586,0.012224014848470688,0.9628074169158936,0.24469659198075533
coil2000_insurance_policies,BetaTabPFN_GPU,6548,3274,0.10683156549930573,0.20670200884342194,0.01918603479862213,0.0150702940300107,0.9404398202896118,0.733220208901912
credit-g,BetaTabPFN_GPU,666,334,0.34163573384284973,0.5199044346809387,0.029800763353705406,0.0583685003221035,0.7514970302581787,0.007450099103152752
credit_card_clients_default,BetaTabPFN_GPU,20000,10000,0.26468294858932495,0.42251378297805786,0.013846425339579582,0.014953909441828728,0.8224999904632568,4.3772180480882525
customer_satisfaction_in_airline,BetaTabPFN_GPU,86586,43294,0.07108930498361588,0.11848364025354385,0.004768386483192444,0.007813583128154278,0.9491384625434875,34.82118625706062
diabetes,BetaTabPFN_GPU,512,256,0.3157333731651306,0.4791108965873718,0.034720279276371,0.06208246573805809,0.765625,0.004656829871237278
hazelnut-spread-contaminant-detection,BetaTabPFN_GPU,1600,800,0.12701517343521118,0.2254248410463333,0.02181728184223175,0.038254279643297195,0.9212499856948853,0.06729567493312061
heloc,BetaTabPFN_GPU,6972,3487,0.36375129222869873,0.543513834476471,0.011664055287837982,0.02009107545018196,0.7298537492752075,0.8282271090429276
in_vehicle_coupon_recommendation,BetaTabPFN_GPU,8456,4228,0.31971675157546997,0.4883553981781006,0.009555547498166561,0.020607972517609596,0.7682119011878967,1.3742097129579633
jm1,BetaTabPFN_GPU,7256,3629,0.2698405683040619,0.4274848997592926,0.01970566436648369,0.02467179112136364,0.8139983415603638,0.8946770448237658
kddcup09_appetency,BetaTabPFN_GPU,33333,16667,0.034794315695762634,0.0860830768942833,0.009511495009064674,0.006897020619362593,0.9821803569793701,5.835547958035022
online_shoppers_intention,BetaTabPFN_GPU,8220,4110,0.14323790371418,0.23376435041427612,0.018372932448983192,0.021292272955179214,0.899756669998169,1.5560505029279739
polish_companies_bankruptcy,BetaTabPFN_GPU,3940,1970,0.04602857306599617,0.09256451576948166,0.010843535885214806,0.013615491800010204,0.9751269221305847,0.3047764119692147
qsar-biodeg,BetaTabPFN_GPU,702,352,0.20078450441360474,0.3366053104400635,0.04892304167151451,0.06177578121423721,0.8721590638160706,0.008682952960953116
seismic-bumps,BetaTabPFN_GPU,1722,862,0.11496601998806,0.21508975327014923,0.027045048773288727,0.020131252706050873,0.9338747262954712,0.04373483592644334
taiwanese_bankruptcy_prediction,BetaTabPFN_GPU,4546,2273,0.04470440372824669,0.08521252870559692,0.011144157499074936,0.013112806715071201,0.9736031889915466,0.36510123405605555
APSFailure,ModernNCA_GPU,50666,25334,0.00945597980171442,0.018641045317053795,0.0024530980736017227,0.0028743131551891565,0.9939212203025818,9.895580881042406
Amazon_employee_access,ModernNCA_GPU,21846,10923,0.08182200789451599,0.1580086648464203,0.011611104011535645,0.009842796251177788,0.9489151239395142,5.144678685814142
Bank_Customer_Churn,ModernNCA_GPU,6666,3334,0.19998057186603546,0.32901889085769653,0.02277250587940216,0.0238492414355278,0.8680263757705688,0.8479059359524399
Bioresponse,ModernNCA_GPU,2500,1251,0.2863803505897522,0.4489380717277527,0.014142125844955444,0.02977839671075344,0.7977617979049683,0.1400109389796853
Diabetes130US,ModernNCA_GPU,47678,23840,0.15618370473384857,0.28594958782196045,0.014420585706830025,0.01752343960106373,0.9119966626167297,9.18955410295166
E-CommereShippingData,ModernNCA_GPU,7332,3667,0.3566492795944214,0.5007491707801819,0.009057000279426575,0.011264560744166374,0.6869375705718994,1.2186231308151037
Fitness_Club,ModernNCA_GPU,1000,500,0.3215388357639313,0.49134913086891174,0.028553232550621033,0.04788636788725853,0.7620000243186951,0.017081973142921925
GiveMeSomeCredit,ModernNCA_GPU,100000,50000,0.09800033271312714,0.17963212728500366,0.013355390168726444,0.012298226356506348,0.9380999803543091,19.579402902163565
HR_Analytics_Job_Change_of_Data_Scientists,ModernNCA_GPU,12772,6386,0.26890432834625244,0.42457523941993713,0.01332508772611618,0.010264375247061253,0.8067647814750671,2.8606805191375315
Is-this-a-good-customer,ModernNCA_GPU,1148,575,0.19179020822048187,0.33020952343940735,0.02892342023551464,0.02401094324886799,0.8852173686027527,0.021098490804433823
Marketing_Campaign,ModernNCA_GPU,1493,747,0.14290805160999298,0.2274889498949051,0.03915116935968399,0.042924877256155014,0.9022757411003113,0.03451156010851264
NATICUSdroid,ModernNCA_GPU,4994,2497,0.08670873194932938,0.1479828953742981,0.00635931733995676,0.011980446986854076,0.9407289028167725,0.7244509318843484
bank-marketing,ModernNCA_GPU,30140,15071,0.17341329157352448,0.3032793402671814,0.01792207732796669,0.0246304702013731,0.8939685225486755,5.949223286937922
blood-transfusion-service-center,ModernNCA_GPU,498,250,0.3260706067085266,0.5111528635025024,0.052753742784261703,0.09518058598041534,0.7720000147819519,0.004855419974774122
churn,ModernNCA_GPU,3333,1667,0.06215740367770195,0.126316636800766,0.004094357136636972,0.014961686916649342,0.9610077738761902,0.23401976516470313
coil2000_insurance_policies,ModernNCA_GPU,6548,3274,0.10701239854097366,0.206410750746727,0.01632789336144924,0.01394112128764391,0.9404398202896118,0.7248293510638177
credit-g,ModernNCA_GPU,666,334,0.3425152003765106,0.5193301439285278,0.03016716241836548,0.06161952018737793,0.7604790329933167,0.008127445122227073
credit_card_clients_default,ModernNCA_GPU,20000,10000,0.2653328776359558,0.42371952533721924,0.017367202788591385,0.023280084133148193,0.822700023651123,4.369806925999001
customer_satisfaction_in_airline,ModernNCA_GPU,86586,43294,0.05542711913585663,0.09248045831918716,0.005674969404935837,0.007187281735241413,0.9611262679100037,33.96127985580824
diabetes,ModernNCA_GPU,512,256,0.3237754702568054,0.48706474900245667,0.040207065641880035,0.06431341916322708,0.7578125,0.0045615010894834995
hazelnut-spread-contaminant-detection,ModernNCA_GPU,1600,800,0.08354159444570541,0.15021994709968567,0.01503271609544754,0.024795273318886757,0.9449999928474426,0.06963659590110183
heloc,ModernNCA_GPU,6972,3487,0.3626919984817505,0.5426549911499023,0.012944746762514114,0.019673636183142662,0.7344422340393066,0.822266262024641
in_vehicle_coupon_recommendation,ModernNCA_GPU,8456,4228,0.3114587068557739,0.47890704870224,0.014219842851161957,0.025799132883548737,0.7745979428291321,1.995575038017705
jm1,ModernNCA_GPU,7256,3629,0.26451408863067627,0.4188087582588196,0.019531022757291794,0.020667942240834236,0.8126205801963806,0.9105509491637349
kddcup09_appetency,ModernNCA_GPU,33333,16667,0.03480619192123413,0.08589733392000198,0.010326320305466652,0.008200055919587612,0.9821803569793701,5.799643713049591
online_shoppers_intention,ModernNCA_GPU,8220,4110,0.14147745072841644,0.2314416617155075,0.01632913574576378,0.019606109708547592,0.9007299542427063,1.516278374940157
polish_companies_bankruptcy,ModernNCA_GPU,3940,1970,0.03978617861866951,0.08084321022033691,0.009522851556539536,0.012756485491991043,0.9776649475097656,0.30031974194571376
qsar-biodeg,ModernNCA_GPU,702,352,0.18952837586402893,0.32750189304351807,0.03594022989273071,0.07541444897651672,0.8551136255264282,0.010755135910585523
seismic-bumps,ModernNCA_GPU,1722,862,0.11527331173419952,0.21352556347846985,0.025840818881988525,0.020816586911678314,0.9338747262954712,0.047079258831217885
taiwanese_bankruptcy_prediction,ModernNCA_GPU,4546,2273,0.04483231157064438,0.08465602248907089,0.010151547379791737,0.011537027545273304,0.9722833037376404,0.3783871999476105
Bank_Customer_Churn,Mitra_GPU,6666,3334,0.19751273095607758,0.3247793912887573,0.021722769364714622,0.029054800048470497,0.8680263757705688,0.8777109058573842
E-CommereShippingData,Mitra_GPU,7332,3667,0.3539588749408722,0.49622827768325806,0.007566571235656738,0.0064566791988909245,0.6885737776756287,1.2711296239867806
Fitness_Club,Mitra_GPU,1000,500,0.31446629762649536,0.4790220558643341,0.036346860229969025,0.07060091942548752,0.777999997138977,0.015167068922892213
Is-this-a-good-customer,Mitra_GPU,1148,575,0.1922881305217743,0.3291656970977783,0.03387938439846039,0.028848325833678246,0.8852173686027527,0.018996972823515534
Marketing_Campaign,Mitra_GPU,1493,747,0.1384734809398651,0.22588735818862915,0.03147440403699875,0.035199567675590515,0.8929049372673035,0.03514686389826238
NATICUSdroid,Mitra_GPU,4994,2497,0.08532269299030304,0.14643098413944244,0.008648833259940147,0.013013227842748165,0.9391269683837891,0.7275278710294515
blood-transfusion-service-center,Mitra_GPU,498,250,0.3122091293334961,0.48855265974998474,0.04951530694961548,0.09761112183332443,0.7680000066757202,0.004681052872911096
churn,Mitra_GPU,3333,1667,0.04104764387011528,0.09449100494384766,0.0077988929115235806,0.011492212302982807,0.9760047793388367,0.27403614786453545
coil2000_insurance_policies,Mitra_GPU,6548,3274,0.10689890384674072,0.20612260699272156,0.01698162406682968,0.013746890239417553,0.9404398202896118,0.7260946941096336
credit-g,Mitra_GPU,666,334,0.32954755425453186,0.5040091276168823,0.023864775896072388,0.07151869684457779,0.757485032081604,0.009703820804134011
diabetes,Mitra_GPU,512,256,0.3104257881641388,0.46752774715423584,0.024937940761446953,0.058599475771188736,0.7578125,0.004470214014872909
hazelnut-spread-contaminant-detection,Mitra_GPU,1600,800,0.08512663096189499,0.14610499143600464,0.01867528446018696,0.02528964728116989,0.9412500262260437,0.06730811600573361
heloc,Mitra_GPU,6972,3487,0.3622016906738281,0.5420020818710327,0.01797126978635788,0.01743284799158573,0.7358760833740234,0.8268801639787853
in_vehicle_coupon_recommendation,Mitra_GPU,8456,4228,0.32198354601860046,0.49269402027130127,0.017430439591407776,0.034453924745321274,0.767029345035553,1.2864034490194172
jm1,Mitra_GPU,7256,3629,0.26830655336380005,0.425326406955719,0.022005945444107056,0.030307451263070107,0.8153761625289917,0.8951028429437429
online_shoppers_intention,Mitra_GPU,8220,4110,0.14143916964530945,0.22865521907806396,0.016210490837693214,0.02276507206261158,0.9017031788825989,1.5349591430276632
polish_companies_bankruptcy,Mitra_GPU,3940,1970,0.04095654562115669,0.07743288576602936,0.01400088332593441,0.014254054054617882,0.9746192693710327,0.2921147448942065
qsar-biodeg,Mitra_GPU,702,352,0.188532292842865,0.316430926322937,0.04442664608359337,0.058770567178726196,0.8607954382896423,0.008811820996925235
seismic-bumps,Mitra_GPU,1722,862,0.11266124993562698,0.2096506804227829,0.024316126480698586,0.018236400559544563,0.9338747262954712,0.04745528497733176
taiwanese_bankruptcy_prediction,Mitra_GPU,4546,2273,0.0437120646238327,0.08302117884159088,0.010452563874423504,0.010539227165281773,0.9718433618545532,0.36995525006204844
APSFailure,TabDPT_GPU,50666,25334,0.011474625207483768,0.022903071716427803,0.001885996200144291,0.0024670471902936697,0.9920265078544617,9.521573422010988
Amazon_employee_access,TabDPT_GPU,21846,10923,0.08205356448888779,0.16062301397323608,0.01165054552257061,0.009619374759495258,0.9483658075332642,4.421121936989948
Bank_Customer_Churn,TabDPT_GPU,6666,3334,0.20356988906860352,0.33907750248908997,0.031092677265405655,0.027960380539298058,0.8659268021583557,1.0546360260341316
Bioresponse,TabDPT_GPU,2500,1251,0.27941998839378357,0.43764495849609375,0.02608281373977661,0.037876758724451065,0.8017585873603821,0.10023595206439495
Diabetes130US,TabDPT_GPU,47678,23840,0.15794502198696136,0.29041242599487305,0.01714698038995266,0.017905784770846367,0.9119966626167297,9.117347627878189
E-CommereShippingData,TabDPT_GPU,7332,3667,0.3561778962612152,0.5037246346473694,0.01560424268245697,0.008281543850898743,0.6885737776756287,1.318084993865341
Fitness_Club,TabDPT_GPU,1000,500,0.3403509855270386,0.5195716619491577,0.06281088292598724,0.06375967711210251,0.765999972820282,0.02461433596909046
GiveMeSomeCredit,TabDPT_GPU,100000,50000,0.0992312803864479,0.1820247620344162,0.014504282735288143,0.011297033168375492,0.9370800256729126,18.968419241020456
HR_Analytics_Job_Change_of_Data_Scientists,TabDPT_GPU,12772,6386,0.2688528895378113,0.42472487688064575,0.013139547780156136,0.009200556203722954,0.8062950372695923,2.8643367560580373
Is-this-a-good-customer,TabDPT_GPU,1148,575,0.19654126465320587,0.33978399634361267,0.048254337161779404,0.04260152950882912,0.8852173686027527,0.01980909309349954
Marketing_Campaign,TabDPT_GPU,1493,747,0.14720289409160614,0.23606835305690765,0.031169475987553596,0.03704008460044861,0.8995984196662903,0.03157138987444341
NATICUSdroid,TabDPT_GPU,4994,2497,0.08615773171186447,0.166519433259964,0.019489239901304245,0.023175278678536415,0.9471365809440613,0.748698916984722
bank-marketing,TabDPT_GPU,30140,15071,0.17315225303173065,0.3028477430343628,0.01559511013329029,0.019422456622123718,0.8935040831565857,5.940928110154346
blood-transfusion-service-center,TabDPT_GPU,498,250,0.31483709812164307,0.4891001582145691,0.056750304996967316,0.07867730408906937,0.7639999985694885,0.004531010054051876
churn,TabDPT_GPU,3333,1667,0.06845623254776001,0.1379399299621582,0.008674254640936852,0.017345456406474113,0.9598080515861511,0.18921782402321696
coil2000_insurance_policies,TabDPT_GPU,6548,3274,0.10936624556779861,0.2156965583562851,0.021218009293079376,0.015296420082449913,0.9404398202896118,0.7267700470983982
credit-g,TabDPT_GPU,666,334,0.346577912569046,0.5183661580085754,0.032667919993400574,0.04666046425700188,0.7335329055786133,0.007252671988680959
credit_card_clients_default,TabDPT_GPU,20000,10000,0.26718488335609436,0.4263720214366913,0.023057952523231506,0.029418228194117546,0.8220000267028809,4.3133879150263965
customer_satisfaction_in_airline,TabDPT_GPU,86586,43294,0.054951976984739304,0.09328508377075195,0.0041716573759913445,0.006164610385894775,0.9615189433097839,34.74593811784871
diabetes,TabDPT_GPU,512,256,0.31060290336608887,0.46985939145088196,0.033876582980155945,0.07754930108785629,0.7578125,0.004373133881017566
hazelnut-spread-contaminant-detection,TabDPT_GPU,1600,800,0.06601176410913467,0.12298563867807388,0.012980802915990353,0.01874021254479885,0.9587500095367432,0.04009587690234184
heloc,TabDPT_GPU,6972,3487,0.3677285611629486,0.5490845441818237,0.017540238797664642,0.03634658083319664,0.7318611741065979,1.351781666977331
in_vehicle_coupon_recommendation,TabDPT_GPU,8456,4228,0.3335559368133545,0.5038717985153198,0.013390183448791504,0.027597704902291298,0.750946044921875,1.2093524090014398
jm1,TabDPT_GPU,7256,3629,0.2571248710155487,0.4093128442764282,0.03002220392227173,0.03260653465986252,0.8239184617996216,1.0310077429749072
kddcup09_appetency,TabDPT_GPU,33333,16667,0.03500967100262642,0.08950182050466537,0.008783097378909588,0.0020944755524396896,0.9821803569793701,5.851598999928683
online_shoppers_intention,TabDPT_GPU,8220,4110,0.14412344992160797,0.2378966212272644,0.01986326277256012,0.023119792342185974,0.9004865884780884,1.4441335638985038
polish_companies_bankruptcy,TabDPT_GPU,3940,1970,0.03107142634689808,0.0661267340183258,0.01025474350899458,0.00977258663624525,0.9796954393386841,0.2984284400008619
qsar-biodeg,TabDPT_GPU,702,352,0.1903831511735916,0.32909905910491943,0.04512013494968414,0.05786649137735367,0.8920454382896423,0.014030199032276869
seismic-bumps,TabDPT_GPU,1722,862,0.11577935516834259,0.2178717404603958,0.029346294701099396,0.022009413689374924,0.9338747262954712,0.049344505881890655
taiwanese_bankruptcy_prediction,TabDPT_GPU,4546,2273,0.04675028473138809,0.0935245230793953,0.015425348654389381,0.013537482358515263,0.9727232456207275,0.367250561947003
