dataset,model,cal_size,test_size,n_classes,CatBoost_brier,CatBoost_logloss,CatBoost_ece-15,CatBoost_accuracy,CatBoost_time
Diabetes130US,CatBoost,91589,10177,3,0.49271199249590203,0.8275554124299569,0.007768576964735985,0.6215977072715759,16.00551320100203
Diabetes130US,ExtraTrees,91589,10177,3,0.5055492125713809,0.8476665226154166,0.009137071669101715,0.6108872890472412,15.909968386171386
Diabetes130US,LightGBM,91589,10177,3,0.49712761044895165,0.8350160642578734,0.011036408133804798,0.6204186081886292,13.841400298057124
Diabetes130US,LinearModel,91589,10177,3,0.5255352512382819,0.8775268858708264,0.007526261731982231,0.5927090644836426,14.757206697948277
Diabetes130US,NeuralNetFastAI,91589,10177,3,0.5030099229106406,0.8440838607671796,0.016377421095967293,0.6189447045326233,17.269619883038104
Diabetes130US,NeuralNetTorch,91589,10177,3,0.5110102757025237,0.8560305238215693,0.009786562994122505,0.6078411936759949,16.037890336010605
Diabetes130US,RandomForest,91589,10177,3,0.5047152479342127,0.846817508607406,0.00607318477705121,0.6078411936759949,14.010561868082732
Diabetes130US,XGBoost,91589,10177,3,0.4938735576568314,0.8280927936840957,0.008019295521080494,0.621892511844635,19.05413085897453
GesturePhaseSegmentationProcessed,CatBoost,8885,988,5,0.3841133094210287,0.7326679834666512,0.027683233842253685,0.7176113128662109,4.75793462106958
GesturePhaseSegmentationProcessed,ExtraTrees,8885,988,5,0.3988388517416495,0.7598451694046902,0.025111716240644455,0.7054656147956848,4.406639094930142
GesturePhaseSegmentationProcessed,LightGBM,8885,988,5,0.3844124635210396,0.7337617933889248,0.04032176733016968,0.7145748734474182,4.431828347966075
GesturePhaseSegmentationProcessed,LinearModel,8885,988,5,0.6229552958103856,1.2038894190570528,0.029711119830608368,0.5050607323646545,6.43032399402
GesturePhaseSegmentationProcessed,NeuralNetFastAI,8885,988,5,0.5047236790950426,0.9697280459733958,0.026205364614725113,0.6275303363800049,4.085835590027273
GesturePhaseSegmentationProcessed,NeuralNetTorch,8885,988,5,0.48973398384227873,0.9468009085421598,0.03960167244076729,0.647773265838623,3.158619159134105
GesturePhaseSegmentationProcessed,RandomForest,8885,988,5,0.4119516148720032,0.7861260042276577,0.0336986742913723,0.6943320035934448,4.2208281450439245
GesturePhaseSegmentationProcessed,XGBoost,8885,988,5,0.3820567087619983,0.7328443645006072,0.03690877556800842,0.71659916639328,4.41380936303176
Indian_pines,CatBoost,8229,915,8,0.06611854195899138,0.12337091649984211,0.024998638778924942,0.9584699273109436,7.245589602040127
Indian_pines,ExtraTrees,8229,915,8,0.10588783295417997,0.1833738383499993,0.023584306240081787,0.9322404265403748,8.32384186796844
Indian_pines,LightGBM,8229,915,8,0.059084311569349506,0.11046805261210708,0.017061520367860794,0.9617486596107483,8.738297131145373
Indian_pines,LinearModel,8229,915,8,0.11056165269261778,0.19710373114693874,0.019738297909498215,0.9289617538452148,10.847348175011575
Indian_pines,NeuralNetFastAI,8229,915,8,0.05506410862860277,0.10185342646705792,0.009248246438801289,0.9650273323059082,8.088572646025568
Indian_pines,NeuralNetTorch,8229,915,8,0.045087446528867245,0.08730316009106127,0.016161920502781868,0.9726775884628296,6.75516784703359
Indian_pines,RandomForest,8229,915,8,0.10905727543373281,0.1884903948563947,0.027864769101142883,0.9333333373069763,9.005231198854744
Indian_pines,XGBoost,8229,915,8,0.06360673099011904,0.11783431418785593,0.023829743266105652,0.9617486596107483,7.974329985911027
LED-display-domain-7digit,CatBoost,450,50,10,0.41772754470407336,0.8948825907779303,0.1327744871377945,0.699999988079071,1.4945028859656304
LED-display-domain-7digit,ExtraTrees,450,50,10,0.4082717041397171,0.8788209269861056,0.15261992812156677,0.699999988079071,3.900887612020597
LED-display-domain-7digit,LightGBM,450,50,10,0.372224520518439,0.8082669156307958,0.18782298266887665,0.7200000286102295,1.6186489509418607
LED-display-domain-7digit,LinearModel,450,50,10,0.39616962643618636,0.8450798399735572,0.12581713497638702,0.7200000286102295,1.637296058004722
LED-display-domain-7digit,NeuralNetFastAI,450,50,10,0.3706662821671789,0.7940361109819968,0.13048097491264343,0.7400000095367432,1.5679968090262264
LED-display-domain-7digit,NeuralNetTorch,450,50,10,0.38325240178141984,0.820174711736347,0.1189604178071022,0.7400000095367432,1.599500925047323
LED-display-domain-7digit,RandomForest,450,50,10,0.3903212503049597,0.8301934263361942,0.1646493524312973,0.699999988079071,3.949935488170013
LED-display-domain-7digit,XGBoost,450,50,10,0.38031610199430405,0.8151678590746019,0.10873138904571533,0.7200000286102295,1.5867748439777642
MiceProtein,CatBoost,972,108,8,0.009524530349618627,0.020876874371715218,0.01048092357814312,0.9907407164573669,5.097416036063805
MiceProtein,ExtraTrees,972,108,8,0.005165181164848466,0.010701688010466821,0.007672188803553581,1.0,6.295985149918124
MiceProtein,LightGBM,972,108,8,0.0015907438542338364,0.007463647898716478,0.006827728822827339,1.0,8.438178393989801
MiceProtein,LinearModel,972,108,8,0.0009486698669740594,0.009587394043204647,0.009285305626690388,1.0,5.453823823016137
MiceProtein,NeuralNetFastAI,972,108,8,0.0017605452049834546,0.010043884537671733,0.009423092007637024,1.0,8.776120252907276
MiceProtein,NeuralNetTorch,972,108,8,0.0010400215114927443,0.007860140705933797,0.007532558403909206,1.0,4.315835604909807
MiceProtein,RandomForest,972,108,8,0.06311042975973677,0.13599311652911683,0.019625835120677948,0.9537037014961243,3.5237532688770443
MiceProtein,XGBoost,972,108,8,0.0118629225920296,0.030151513340928866,0.024083267897367477,1.0,3.655462273163721
Traffic_violations,CatBoost,63306,7034,3,0.2682773224848583,0.4048642171062492,0.00936936866492033,0.7986920475959778,13.71807729988359
Traffic_violations,ExtraTrees,63306,7034,3,0.2774694619847167,0.41782909522273454,0.007319507654756308,0.7915837168693542,10.41608486394398
Traffic_violations,LightGBM,63306,7034,3,0.27199214388191395,0.41085107201353926,0.008483410812914371,0.7947114109992981,12.284210053971037
Traffic_violations,LinearModel,63306,7034,3,0.2768750156749118,0.41570513379556234,0.010083004832267761,0.7924367189407349,16.77586489613168
Traffic_violations,NeuralNetFastAI,63306,7034,3,0.2757694874072482,0.4139247194301009,0.007153389044106007,0.7928632497787476,11.574181034928188
Traffic_violations,NeuralNetTorch,63306,7034,3,0.2889528103700754,0.43872984460316183,0.015343689359724522,0.7817742228507996,13.78227961808443
Traffic_violations,RandomForest,63306,7034,3,0.2735883288254714,0.4115394678113152,0.014218824915587902,0.7942848801612854,13.28202943294309
Traffic_violations,XGBoost,63306,7034,3,0.2731140329512882,0.40961855060534175,0.011086788959801197,0.7937162518501282,11.635186394909397
UMIST_Faces_Cropped,CatBoost,517,58,20,0.03458229636206946,0.10552281144046281,0.03139433637261391,0.9655172228813171,35.97425381094217
UMIST_Faces_Cropped,ExtraTrees,517,58,20,0.03643114223761092,0.08302741936107626,0.020780501887202263,0.9655172228813171,23.14395462302491
UMIST_Faces_Cropped,LightGBM,517,58,20,0.045573992744608306,0.12889418859457785,0.03215926140546799,0.9655172228813171,35.81196146993898
UMIST_Faces_Cropped,LinearModel,517,58,20,0.05141023928566366,0.13090999389630995,0.03791821375489235,0.9482758641242981,19.503159177023917
UMIST_Faces_Cropped,NeuralNetFastAI,517,58,20,0.06070629664584638,0.1625802661257625,0.03275465965270996,0.9482758641242981,9.635516114067286
UMIST_Faces_Cropped,NeuralNetTorch,517,58,20,0.12145036124783877,0.2844575955660542,0.0635959655046463,0.931034505367279,4.869925695005804
UMIST_Faces_Cropped,RandomForest,517,58,20,0.02441445311698727,0.0660979255490374,0.022403882816433907,0.982758641242981,24.391804591054097
UMIST_Faces_Cropped,XGBoost,517,58,20,0.06616147269165798,0.19689325862353277,0.04668954014778137,0.9482758641242981,24.385227038059384
analcatdata_authorship,CatBoost,756,85,4,0.0603955054131138,0.11842287540683642,0.027638744562864304,0.9647058844566345,0.8137831760104746
analcatdata_authorship,ExtraTrees,756,85,4,0.036965451654388456,0.07450171850604018,0.023176690563559532,0.9764705896377563,2.1221728229429573
analcatdata_authorship,LightGBM,756,85,4,0.03569109808528206,0.10341800993813202,0.022335296496748924,0.9764705896377563,3.933635537046939
analcatdata_authorship,LinearModel,756,85,4,0.025990656120373847,0.0713121933709771,0.01640380546450615,0.9882352948188782,2.8513777060434222
analcatdata_authorship,NeuralNetFastAI,756,85,4,0.08882616152286471,0.13050002137308456,0.04430713877081871,0.9176470637321472,1.742224878165871
analcatdata_authorship,NeuralNetTorch,756,85,4,0.05596727396320547,0.08523239513352732,0.05090036988258362,0.929411768913269,1.9956258221063763
analcatdata_authorship,RandomForest,756,85,4,0.04307454509472015,0.08682326413146614,0.03707006573677063,0.9647058844566345,0.8125194748863578
analcatdata_authorship,XGBoost,756,85,4,0.02929748202778931,0.05215933156679603,0.025057850405573845,0.9764705896377563,1.2363093618769199
analcatdata_dmft,CatBoost,717,80,6,0.8192633803181083,1.7477002405364126,0.02448936738073826,0.1875,0.5080226249992847
analcatdata_dmft,ExtraTrees,717,80,6,0.8341102129253464,1.7825493535200803,0.10791660845279694,0.26249998807907104,1.8300472551491112
analcatdata_dmft,LightGBM,717,80,6,0.8200138064602346,1.7498578578747654,0.06994447857141495,0.21250000596046448,0.4533799251075834
analcatdata_dmft,LinearModel,717,80,6,0.8246649870768735,1.7643037995281081,0.034974489361047745,0.17499999701976776,0.4453302249312401
analcatdata_dmft,NeuralNetFastAI,717,80,6,0.8207765211014545,1.752432098413897,0.03721107542514801,0.25,0.5397589800413698
analcatdata_dmft,NeuralNetTorch,717,80,6,0.8174171838294214,1.7450685893846143,0.0383460633456707,0.21250000596046448,0.4416022291406989
analcatdata_dmft,RandomForest,717,80,6,0.8294318907471409,1.77173213294722,0.06278311461210251,0.23749999701976776,1.3548867320641875
analcatdata_dmft,XGBoost,717,80,6,0.8194384838184113,1.7503278481817446,0.02029551938176155,0.22499999403953552,0.5240913608577102
artificial-characters,CatBoost,9196,1022,10,0.08184806403185445,0.1808051597096551,0.038758717477321625,0.9559686779975891,27.998836108949035
artificial-characters,ExtraTrees,9196,1022,10,0.07915195975180758,0.19020718264932848,0.015309492126107216,0.9530332684516907,13.015940519981086
artificial-characters,LightGBM,9196,1022,10,0.06936538029967405,0.14617173615086193,0.02517545223236084,0.9589040875434875,32.47881642007269
artificial-characters,LinearModel,9196,1022,10,0.4352294675557655,0.8105800364906285,0.08745777606964111,0.6722113490104675,35.07855226402171
artificial-characters,NeuralNetFastAI,9196,1022,10,0.36218287762833806,0.6045289359993459,0.04641764611005783,0.7240704298019409,15.085254715988412
artificial-characters,NeuralNetTorch,9196,1022,10,0.34443982273095364,0.5817052774533638,0.028949234634637833,0.7162426710128784,15.707767442101613
artificial-characters,RandomForest,9196,1022,10,0.07678998702046157,0.18256186833508292,0.011198755353689194,0.9549902081489563,11.740315357921645
artificial-characters,XGBoost,9196,1022,10,0.08134043818812887,0.17286027807120322,0.028517741709947586,0.9540117383003235,33.4649183799047
autoUniv-au6-750,CatBoost,675,75,8,0.8444590376328672,1.977970713637654,0.10743942856788635,0.23999999463558197,0.8204343349207193
autoUniv-au6-750,ExtraTrees,675,75,8,0.841767991868429,1.9784338133326733,0.12159980088472366,0.25333333015441895,0.7981937241274863
autoUniv-au6-750,LightGBM,675,75,8,0.8100754231791258,1.8917511773437552,0.1421770304441452,0.36000001430511475,0.7567022079601884
autoUniv-au6-750,LinearModel,675,75,8,0.8518915061422955,1.9930355093109346,0.06213270500302315,0.1599999964237213,0.6860316339880228
autoUniv-au6-750,NeuralNetFastAI,675,75,8,0.855944399065441,2.007415013617252,0.06605435162782669,0.25333333015441895,0.6162957500200719
autoUniv-au6-750,NeuralNetTorch,675,75,8,0.854607165971215,2.0007184229918646,0.01364302821457386,0.18666666746139526,0.6229480400215834
autoUniv-au6-750,RandomForest,675,75,8,0.7784897631967361,1.8088962234768031,0.11853869259357452,0.36000001430511475,0.8590474489610642
autoUniv-au6-750,XGBoost,675,75,8,0.8165044882526848,1.9179538129463845,0.14756888151168823,0.3733333349227905,0.7355952481739223
autoUniv-au7-1100,CatBoost,990,110,5,0.7234666311397897,1.4053735905235967,0.0890229344367981,0.40909090638160706,0.6789958679582924
autoUniv-au7-1100,ExtraTrees,990,110,5,0.7330028196659466,1.4306759338477775,0.1193716824054718,0.4272727370262146,0.7101306580007076
autoUniv-au7-1100,LightGBM,990,110,5,0.7219301963034388,1.3939473421901596,0.053673144429922104,0.41818180680274963,0.6956706349737942
autoUniv-au7-1100,LinearModel,990,110,5,0.7586567096650952,1.5029205819362956,0.0852980837225914,0.3636363744735718,0.7343173900153488
autoUniv-au7-1100,NeuralNetFastAI,990,110,5,0.7353601826047452,1.4380829625199092,0.035431958734989166,0.38181817531585693,0.6234245309606194
autoUniv-au7-1100,NeuralNetTorch,990,110,5,0.7213112952566019,1.4091535829922863,0.08818898350000381,0.41818180680274963,0.735309547977522
autoUniv-au7-1100,RandomForest,990,110,5,0.6959248188865025,1.3684825736559647,0.09830745309591293,0.4636363685131073,0.693381035933271
autoUniv-au7-1100,XGBoost,990,110,5,0.7034227807124944,1.3494936048835462,0.12523704767227173,0.41818180680274963,0.7353717188816518
autoUniv-au7-700,CatBoost,630,70,3,0.5351494128213212,0.9002699740187424,0.12513646483421326,0.6142857074737549,0.36490812106058
autoUniv-au7-700,ExtraTrees,630,70,3,0.5349999871426189,0.9031021867031324,0.1692565679550171,0.5571428537368774,0.3433714078273624
autoUniv-au7-700,LightGBM,630,70,3,0.5255649745674007,0.8830330364274196,0.062187351286411285,0.5285714268684387,0.3072869018651545
autoUniv-au7-700,LinearModel,630,70,3,0.6711046021753968,1.1057081601648593,0.12188512086868286,0.41428571939468384,0.29953032499179244
autoUniv-au7-700,NeuralNetFastAI,630,70,3,0.609407737002614,1.0168498038992217,0.09126505255699158,0.5142857432365417,0.34790684189647436
autoUniv-au7-700,NeuralNetTorch,630,70,3,0.6436576892635354,1.0613685456389832,0.10890522599220276,0.4000000059604645,0.3442734470590949
autoUniv-au7-700,RandomForest,630,70,3,0.5335633254225748,0.89094271700887,0.10991168767213821,0.5285714268684387,0.3693153480999172
autoUniv-au7-700,XGBoost,630,70,3,0.5301930254862143,0.8908875483006969,0.17314335703849792,0.5,0.3209561938419938
balance-scale,CatBoost,562,63,3,0.002293700807152105,0.01363935024672335,0.012817973271012306,1.0,0.5719341090880334
balance-scale,ExtraTrees,562,63,3,0.037657557142548814,0.07772698841185409,0.05782989785075188,0.9682539701461792,0.4472083530854434
balance-scale,LightGBM,562,63,3,0.03431577528515754,0.07575048180477757,0.025921333581209183,0.9841269850730896,0.4683184770401567
balance-scale,LinearModel,562,63,3,0.07437474137851417,0.15194285820322817,0.06147540733218193,0.9523809552192688,0.5263985330238938
balance-scale,NeuralNetFastAI,562,63,3,0.00785080788731436,0.023670450413491258,0.020471924915909767,1.0,0.4561907439492643
balance-scale,NeuralNetTorch,562,63,3,0.010433834816914048,0.01747762336039989,0.012087254785001278,0.9841269850730896,0.800763979088515
balance-scale,RandomForest,562,63,3,0.03697716980025428,0.08965131478615006,0.06693950295448303,0.9682539701461792,0.43279314297251403
balance-scale,XGBoost,562,63,3,0.006318504035446673,0.016977505182750704,0.014352522790431976,1.0,0.9410172828938812
baseball,CatBoost,1206,134,3,0.074521643468441,0.14180459225329423,0.03379105031490326,0.9552238583564758,0.7367727879900485
baseball,ExtraTrees,1206,134,3,0.08086425479276194,0.1525765827611311,0.035064343363046646,0.9402984976768494,0.8000184760894626
baseball,LightGBM,1206,134,3,0.07032153618248499,0.1327266188105471,0.022076474502682686,0.9477611780166626,0.5600281748920679
baseball,LinearModel,1206,134,3,0.0639099274073742,0.12645636377246966,0.05058998614549637,0.9626865386962891,0.4733795721549541
baseball,NeuralNetFastAI,1206,134,3,0.06778098472089303,0.12135533686839013,0.030994391068816185,0.9552238583564758,0.49991814116947353
baseball,NeuralNetTorch,1206,134,3,0.08551164469760991,0.1542425169909283,0.03805812448263168,0.9402984976768494,0.7362524541094899
baseball,RandomForest,1206,134,3,0.0811260533761819,0.1591806045121625,0.03191554546356201,0.9402984976768494,0.5104137018788606
baseball,XGBoost,1206,134,3,0.07313529618687262,0.1364571907353855,0.04407024383544922,0.9626865386962891,0.5740923539269716
car,CatBoost,1555,173,4,0.00015078650387228526,0.0010347343419759478,0.0009920041775330901,1.0,4.222648756112903
car,ExtraTrees,1555,173,4,0.007895527572501589,0.016698177085757528,0.010625695809721947,0.9942196607589722,0.9307901819702238
car,LightGBM,1555,173,4,6.167649059498036e-07,0.0002428682420708503,0.00024336576461791992,1.0,3.9825002918951213
car,LinearModel,1555,173,4,0.0653881752533191,0.1195722037330529,0.039273541420698166,0.9595375657081604,1.2835339549928904
car,NeuralNetFastAI,1555,173,4,0.010213306335686172,0.01775054368431375,0.005881018005311489,0.9942196607589722,3.1722233078908175
car,NeuralNetTorch,1555,173,4,0.006439780911072744,0.009326655165008897,0.005695982836186886,0.9942196607589722,4.055236554937437
car,RandomForest,1555,173,4,0.03196945087946018,0.06357029722208003,0.012976710684597492,0.9826589822769165,1.42419330496341
car,XGBoost,1555,173,4,2.741762931694618e-06,0.000815380671188324,0.000813901424407959,1.0,3.0260834300424904
cardiotocography,CatBoost,1913,213,10,0.00057945051537268,0.0022736046533467905,0.001978310290724039,1.0,14.254569539101794
cardiotocography,ExtraTrees,1913,213,10,8.229585204785091e-07,0.0008029021448527315,0.0008029937744140625,1.0,6.117832349147648
cardiotocography,LightGBM,1913,213,10,2.1013424119374684e-07,0.00037278969933878745,0.00037235021591186523,1.0,15.598846909124404
cardiotocography,LinearModel,1913,213,10,0.0027632237189237525,0.005797953128028119,0.003395159961655736,0.9953051805496216,15.1680067460984
cardiotocography,NeuralNetFastAI,1913,213,10,0.00617220325832538,0.00842351854072422,0.005785525776445866,0.9906103014945984,6.331102597992867
cardiotocography,NeuralNetTorch,1913,213,10,2.3667788849461402e-07,0.0004118683067949134,0.00041353702545166016,1.0,6.369339309865609
cardiotocography,RandomForest,1913,213,10,7.082556159388762e-07,0.0007548568740751663,0.0007540583610534668,1.0,6.483779428061098
cardiotocography,XGBoost,1913,213,10,1.5090896991912457e-05,0.0008517638309596706,0.0008477568626403809,1.0,15.074068502988666
cmc,CatBoost,1325,148,3,0.49651860116186314,0.8399682453619696,0.10831397771835327,0.5810810923576355,0.41775121283717453
cmc,ExtraTrees,1325,148,3,0.5029061926007488,0.8518242540697715,0.06878511607646942,0.587837815284729,0.43469341401942074
cmc,LightGBM,1325,148,3,0.5198749867392413,0.874671999654757,0.06352423876523972,0.5810810923576355,0.4679840891622007
cmc,LinearModel,1325,148,3,0.521166522434356,0.8712822912988972,0.15201663970947266,0.6081081032752991,0.4541722140274942
cmc,NeuralNetFastAI,1325,148,3,0.5188037755178725,0.8726448172845803,0.07593164592981339,0.5743243098258972,0.6338826261926442
cmc,NeuralNetTorch,1325,148,3,0.5061266396660787,0.8559938602327807,0.07160066813230515,0.5945945978164673,0.4698126339353621
cmc,RandomForest,1325,148,3,0.49716390418747064,0.8400143315116556,0.07013829052448273,0.6081081032752991,0.46712900302372873
cmc,XGBoost,1325,148,3,0.5004186103725384,0.8520819622672472,0.12634702026844025,0.6013513803482056,0.45521710300818086
cnae-9,CatBoost,972,108,9,0.07268738003204539,0.19012377386075607,0.054657209664583206,0.9537037014961243,2.136611372930929
cnae-9,ExtraTrees,972,108,9,0.05449315217390639,0.14890984263570192,0.057201121002435684,0.9722222089767456,3.012564965058118
cnae-9,LightGBM,972,108,9,0.06027088177304383,0.1594447537500484,0.059990085661411285,0.9629629850387573,2.542372113093734
cnae-9,LinearModel,972,108,9,0.08230478320229512,0.1852471137534953,0.05582753196358681,0.9444444179534912,2.41548258299008
cnae-9,NeuralNetFastAI,972,108,9,0.04977560545109606,0.11765786496475047,0.04869740828871727,0.9722222089767456,1.879246762022376
cnae-9,NeuralNetTorch,972,108,9,0.06706831332637864,0.16452404137804266,0.030255891382694244,0.9444444179534912,3.4704009369015694
cnae-9,RandomForest,972,108,9,0.06988069927730726,0.1746662841946047,0.05597352236509323,0.9629629850387573,3.0414243459235877
cnae-9,XGBoost,972,108,9,0.09643076855639536,0.2248872163100151,0.05725617706775665,0.9351851940155029,1.9263451751321554
collins,CatBoost,900,100,30,0.8342414948552972,2.1869287417479364,0.06346061825752258,0.2800000011920929,25.994384875986725
collins,ExtraTrees,900,100,30,0.8533829590875931,2.2600401078055454,0.05506563559174538,0.20000000298023224,25.05116884992458
collins,LightGBM,900,100,30,0.8299298811626679,2.18766791166518,0.07012061029672623,0.2800000011920929,24.934962016995996
collins,LinearModel,900,100,30,0.8258770427560914,2.146206745377132,0.11932244896888733,0.33000001311302185,25.864913318073377
collins,NeuralNetFastAI,900,100,30,0.8218097334670391,2.138058925043962,0.08203514665365219,0.27000001072883606,21.604774242034182
collins,NeuralNetTorch,900,100,30,0.8081424785185728,2.12932462730915,0.1096244528889656,0.25,21.25866673514247
collins,RandomForest,900,100,30,0.857282701483158,2.272777223419536,0.0816798061132431,0.23000000417232513,26.501919063040987
collins,XGBoost,900,100,30,0.8495392656089747,2.272186494308625,0.04038573056459427,0.25,23.88685009209439
connect-4,CatBoost,60801,6756,3,0.17562693286847664,0.31398723895642844,0.011928707361221313,0.8781823515892029,12.980040730908513
connect-4,ExtraTrees,60801,6756,3,0.2495089297389263,0.44876901318759466,0.01227397657930851,0.8244523406028748,12.035670965909958
connect-4,LightGBM,60801,6756,3,0.17574186948807466,0.3143074646612457,0.010082275606691837,0.8758140802383423,12.783367384923622
connect-4,LinearModel,60801,6756,3,0.3331552075793148,0.5895507783645072,0.009826049208641052,0.7571048140525818,9.72822021599859
connect-4,NeuralNetFastAI,60801,6756,3,0.16699501534642766,0.2988553254324049,0.017305869609117508,0.8836589455604553,14.165286362869665
connect-4,NeuralNetTorch,60801,6756,3,0.17517180401642385,0.3135352448624619,0.024607833474874496,0.8795145153999329,17.474500528071076
connect-4,RandomForest,60801,6756,3,0.26010179080292656,0.46842097212354783,0.010104579851031303,0.818087637424469,12.742778728948906
connect-4,XGBoost,60801,6756,3,0.1768806922579556,0.3161251648426128,0.011560659855604172,0.8725576996803284,10.677343748975545
dilbert,CatBoost,9000,1000,5,0.022650883144358022,0.04403777098883595,0.005427332129329443,0.9860000014305115,3.466808611061424
dilbert,ExtraTrees,9000,1000,5,0.03390630362857729,0.06908866569137959,0.008444895967841148,0.9769999980926514,5.3509827558882535
dilbert,LightGBM,9000,1000,5,0.010946623722581388,0.024948595580225358,0.004453545901924372,0.9929999709129333,2.640530484961346
dilbert,LinearModel,9000,1000,5,0.09022865082049347,0.1647414061413636,0.020560670644044876,0.9390000104904175,4.262992868898436
dilbert,NeuralNetFastAI,9000,1000,5,0.01896743014717479,0.03689763180114937,0.00798531249165535,0.9860000014305115,4.158272497123107
dilbert,NeuralNetTorch,9000,1000,5,0.013752035438535481,0.02993902599677201,0.013535505160689354,0.9909999966621399,3.0976168159395456
dilbert,RandomForest,9000,1000,5,0.05482105041354621,0.10863093076851923,0.008058086968958378,0.9649999737739563,4.831670525018126
dilbert,XGBoost,9000,1000,5,0.017962515797064756,0.038343916987905506,0.004974094219505787,0.9879999756813049,3.4120926270261407
dna,CatBoost,2867,319,3,0.06470301503491063,0.12511985044705126,0.020923344418406487,0.9592476487159729,1.0509049349930137
dna,ExtraTrees,2867,319,3,0.07562855163371289,0.15444750081852893,0.0375424362719059,0.962382435798645,1.2640050519257784
dna,LightGBM,2867,319,3,0.07274516029907606,0.14018680966512392,0.017890017479658127,0.9529780745506287,1.4064788569230586
dna,LinearModel,2867,319,3,0.12339259015005662,0.2351138471005412,0.033515769988298416,0.92476487159729,0.8512399811297655
dna,NeuralNetFastAI,2867,319,3,0.08035859904794342,0.15807122355921815,0.0309448204934597,0.9404388666152954,0.9704513170290738
dna,NeuralNetTorch,2867,319,3,0.0850362534226646,0.1617843241115839,0.02443830668926239,0.9435736536979675,0.9050476171541959
dna,RandomForest,2867,319,3,0.0891762924119897,0.16657468333215691,0.025142261758446693,0.9404388666152954,0.9860435780137777
dna,XGBoost,2867,319,3,0.06849511147042636,0.1352949472129433,0.020499123260378838,0.9561128616333008,1.250493431929499
eucalyptus,CatBoost,662,74,5,0.43688711160353205,0.7277319981202541,0.09592611342668533,0.6891891956329346,0.9027736249845475
eucalyptus,ExtraTrees,662,74,5,0.37302471094560624,0.6217428062740492,0.06972061842679977,0.7162162065505981,0.6936702099628747
eucalyptus,LightGBM,662,74,5,0.3717124818549317,0.6314403960693749,0.15180887281894684,0.7432432174682617,0.7738994709216058
eucalyptus,LinearModel,662,74,5,0.44784531675204053,0.7565580264577659,0.17606686055660248,0.6756756901741028,0.7310201439540833
eucalyptus,NeuralNetFastAI,662,74,5,0.4075942091101121,0.6611198861020524,0.09650938212871552,0.6891891956329346,0.826428301865235
eucalyptus,NeuralNetTorch,662,74,5,0.4157397036799179,0.6653063170270967,0.09932906180620193,0.6486486196517944,0.8658995919395238
eucalyptus,RandomForest,662,74,5,0.3767522824244708,0.6394926072392101,0.1087065041065216,0.7162162065505981,0.7025581239722669
eucalyptus,XGBoost,662,74,5,0.39069003660927654,0.6669066065723901,0.05596350133419037,0.7297297120094299,0.8755157000850886
eye_movements,CatBoost,9842,1094,3,0.35121325816279464,0.5948133421767399,0.029985375702381134,0.7340036630630493,2.1443214509636164
eye_movements,ExtraTrees,9842,1094,3,0.3164277578505805,0.5402565516772605,0.02594410628080368,0.7723948955535889,2.0732837999239564
eye_movements,LightGBM,9842,1094,3,0.27795931068792906,0.48347513090254673,0.03848904371261597,0.808043897151947,1.925845633028075
eye_movements,LinearModel,9842,1094,3,0.5640260806800489,0.9184968349380608,0.01699855923652649,0.5127970576286316,1.7609040879178792
eye_movements,NeuralNetFastAI,9842,1094,3,0.4317473706708057,0.7185029072819085,0.04313279315829277,0.67641681432724,1.7021990329958498
eye_movements,NeuralNetTorch,9842,1094,3,0.41387333748715915,0.6916228214673575,0.052562497556209564,0.6928701996803284,1.6081963130272925
eye_movements,RandomForest,9842,1094,3,0.37801168480185926,0.6400168977233395,0.020228847861289978,0.7230347394943237,1.630284999962896
eye_movements,XGBoost,9842,1094,3,0.3199477304005388,0.5473921590872302,0.029089514166116714,0.7659963369369507,2.034184731077403
fabert,CatBoost,7413,824,7,0.34570279054147246,0.684523619795981,0.04486899450421333,0.7305825352668762,4.721369459060952
fabert,ExtraTrees,7413,824,7,0.3655286596807672,0.7169790338048903,0.04682160168886185,0.7160193920135498,4.573448271956295
fabert,LightGBM,7413,824,7,0.35233727339159565,0.6911481412786226,0.040041495114564896,0.7208737730979919,5.095942014129832
fabert,LinearModel,7413,824,7,0.46798377299641636,0.9569239971182315,0.05811767280101776,0.6322815418243408,4.293765485985205
fabert,NeuralNetFastAI,7413,824,7,0.3827972643034709,0.770691667997436,0.02723551169037819,0.7111650705337524,4.799409162951633
fabert,NeuralNetTorch,7413,824,7,0.4123889654538533,0.8330168409658029,0.06354006379842758,0.7002426981925964,4.698277018032968
fabert,RandomForest,7413,824,7,0.37913954944921596,0.7564032999900031,0.031482599675655365,0.7050970792770386,4.470362048828974
fabert,XGBoost,7413,824,7,0.3544961861890693,0.7196071443486597,0.03666974976658821,0.731796145439148,4.461708112154156
first-order-theorem-proving,CatBoost,5506,612,6,0.5033154207042737,1.039251694505354,0.03832493722438812,0.6290849447250366,2.8172868289984763
first-order-theorem-proving,ExtraTrees,5506,612,6,0.5122979675879893,1.0508048284883862,0.049889855086803436,0.6029411554336548,2.8378924208227545
first-order-theorem-proving,LightGBM,5506,612,6,0.5081803691636236,1.050300809336427,0.061806853860616684,0.6225489974021912,2.860455214045942
first-order-theorem-proving,LinearModel,5506,612,6,0.6163785054803674,1.3091019367351515,0.04142071306705475,0.5114378929138184,6.446831408888102
first-order-theorem-proving,NeuralNetFastAI,5506,612,6,0.5568957633492214,1.162292043976157,0.06227291375398636,0.5816993713378906,2.35569039802067
first-order-theorem-proving,NeuralNetTorch,5506,612,6,0.5466437952312592,1.1319910070644599,0.06542173027992249,0.563725471496582,3.1833924860693514
first-order-theorem-proving,RandomForest,5506,612,6,0.5109090013635476,1.0499635544836146,0.05661410093307495,0.6111111044883728,2.4546024489682168
first-order-theorem-proving,XGBoost,5506,612,6,0.5016237288755766,1.035515826533061,0.05046480894088745,0.6274510025978088,2.7595838559791446
har,CatBoost,9269,1030,6,0.004475576751687383,0.008711816689191047,0.006078690756112337,0.9970873594284058,5.930727181024849
har,ExtraTrees,9269,1030,6,0.019672925780336553,0.03407084821987796,0.00986489374190569,0.9873786568641663,4.418264199048281
har,LightGBM,9269,1030,6,0.002573925366278915,0.006114723946235502,0.004333316348493099,0.9990290999412537,5.416844428051263
har,LinearModel,9269,1030,6,0.014544533373358778,0.02692639724338144,0.00825341884046793,0.9912621378898621,4.336110973963514
har,NeuralNetFastAI,9269,1030,6,0.007450635684279016,0.01739497929910512,0.010205318219959736,0.9970873594284058,3.9742663488723338
har,NeuralNetTorch,9269,1030,6,0.010092955749669345,0.01885690290963876,0.005150650627911091,0.99320387840271,4.428123744903132
har,RandomForest,9269,1030,6,0.029725423971113628,0.05471848957523455,0.008326442912220955,0.9805825352668762,4.838804750004783
har,XGBoost,9269,1030,6,0.008069390303047024,0.013807589754016063,0.004397282376885414,0.9951456189155579,4.950034167151898
isolet,CatBoost,7017,780,26,0.06931346950939106,0.13258606668151768,0.025458917021751404,0.9512820243835449,74.22425187495537
isolet,ExtraTrees,7017,780,26,0.07986117100513858,0.17618257756968017,0.01782842166721821,0.9461538195610046,73.72618825291283
isolet,LightGBM,7017,780,26,0.05142754581270967,0.10961023608805089,0.025318259373307228,0.9653846025466919,67.36321078101173
isolet,LinearModel,7017,780,26,0.05772944425332021,0.12324189498269869,0.012388788163661957,0.9615384340286255,76.32808503112756
isolet,NeuralNetFastAI,7017,780,26,0.04046537457930362,0.08100082268080146,0.012448604218661785,0.9705128073692322,62.16479652700946
isolet,NeuralNetTorch,7017,780,26,0.05631135501972125,0.12727495359876134,0.016324322670698166,0.9666666388511658,60.20268170488998
isolet,RandomForest,7017,780,26,0.10181206417270028,0.218064605414852,0.017932040616869926,0.928205132484436,83.83352280687541
isolet,XGBoost,7017,780,26,0.06487951212338619,0.1380204453004181,0.015038319863379002,0.9576923251152039,72.17539036087692
jungle_chess_2pcs_raw_endgame_complete,CatBoost,40337,4482,3,0.1409482411830938,0.2147366909635284,0.010451176203787327,0.8908969163894653,20.307779669063166
jungle_chess_2pcs_raw_endgame_complete,ExtraTrees,40337,4482,3,0.15336904962607384,0.24578206305403452,0.011356081813573837,0.8853190541267395,18.414557805052027
jungle_chess_2pcs_raw_endgame_complete,LightGBM,40337,4482,3,0.12092590073521403,0.18357258771926768,0.014209762215614319,0.90696120262146,14.016595717985183
jungle_chess_2pcs_raw_endgame_complete,LinearModel,40337,4482,3,0.36950699966030887,0.6195724055671691,0.03274266794323921,0.7228915691375732,34.72810037410818
jungle_chess_2pcs_raw_endgame_complete,NeuralNetFastAI,40337,4482,3,0.09583430863056533,0.1435847256820994,0.00470384955406189,0.920348048210144,13.28678088216111
jungle_chess_2pcs_raw_endgame_complete,NeuralNetTorch,40337,4482,3,0.02432607671664645,0.040906461927411236,0.009603561833500862,0.9834895133972168,12.49648209195584
jungle_chess_2pcs_raw_endgame_complete,RandomForest,40337,4482,3,0.1621699672210314,0.2616900002915391,0.011215119622647762,0.8779562711715698,15.72436387091875
jungle_chess_2pcs_raw_endgame_complete,XGBoost,40337,4482,3,0.12409103294092824,0.1841490065534386,0.011075155809521675,0.9007139801979065,13.305474182125181
kr-vs-k,CatBoost,25250,2806,18,0.11635437616810207,0.2292414942368849,0.016546189785003662,0.9244475960731506,125.89187745982781
kr-vs-k,ExtraTrees,25250,2806,18,0.15193043478238044,0.30386176775325535,0.010212910361588001,0.8927298784255981,127.6228862660937
kr-vs-k,LightGBM,25250,2806,18,0.10838527034934256,0.21528142177031054,0.02329624816775322,0.9305060505867004,139.29354773112573
kr-vs-k,LinearModel,25250,2806,18,0.6650578004665049,1.4349565825355846,0.05183735489845276,0.48467570543289185,163.50915203988552
kr-vs-k,NeuralNetFastAI,25250,2806,18,0.15241707501042684,0.27594852388753544,0.03708510100841522,0.8952245116233826,115.28733791504055
kr-vs-k,NeuralNetTorch,25250,2806,18,0.11152966042763489,0.20749336943007465,0.043738242238759995,0.9255167245864868,109.69774065492675
kr-vs-k,RandomForest,25250,2806,18,0.154333398226111,0.31369516163702876,0.02453634887933731,0.891660749912262,123.7015885009896
kr-vs-k,XGBoost,25250,2806,18,0.10285762700185117,0.2000458540200056,0.019749779254198074,0.935139000415802,118.05622279387899
led24,CatBoost,2880,320,10,0.40257156746593503,0.8290438730478027,0.06073839217424393,0.71875,4.805233632912859
led24,ExtraTrees,2880,320,10,0.4055872374097274,0.8409532859072268,0.0769701600074768,0.7124999761581421,5.702499679056928
led24,LightGBM,2880,320,10,0.40076113355367243,0.8300841446784574,0.07724517583847046,0.7093750238418579,5.119539421051741
led24,LinearModel,2880,320,10,0.39898180650483883,0.823166591543506,0.06489452719688416,0.7124999761581421,5.337348575005308
led24,NeuralNetFastAI,2880,320,10,0.39169934462073835,0.8064372815490802,0.06571143865585327,0.7093750238418579,4.561203398974612
led24,NeuralNetTorch,2880,320,10,0.39728962978276694,0.8173190093427859,0.07285449653863907,0.721875011920929,5.172261134022847
led24,RandomForest,2880,320,10,0.40583058008997347,0.8395242889592647,0.06143371760845184,0.7124999761581421,4.785608506994322
led24,XGBoost,2880,320,10,0.40127099568948504,0.8375517020425246,0.08135243505239487,0.703125,4.551746225915849
letter,CatBoost,18000,2000,26,0.03313659278371732,0.07136054405361024,0.007108171004801989,0.9769999980926514,145.05321006593294
letter,ExtraTrees,18000,2000,26,0.04234272169625666,0.09121630477050609,0.008050047792494297,0.9735000133514404,142.20864179590717
letter,LightGBM,18000,2000,26,0.03582951278417356,0.07694862220890585,0.009814932011067867,0.9735000133514404,132.57136955996975
letter,LinearModel,18000,2000,26,0.16726938271297412,0.3662394730367398,0.025690097361803055,0.8849999904632568,239.5824154720176
letter,NeuralNetFastAI,18000,2000,26,0.021696469720203945,0.04810514115271656,0.007957934401929379,0.9850000143051147,137.4420111188665
letter,NeuralNetTorch,18000,2000,26,0.02202964791250989,0.045486805276788445,0.006563172210007906,0.984499990940094,142.265603560023
letter,RandomForest,18000,2000,26,0.051179422657329415,0.11647663733703775,0.007089877035468817,0.9695000052452087,149.22065040795133
letter,XGBoost,18000,2000,26,0.036943963904614976,0.08047189081758989,0.005385508760809898,0.9764999747276306,143.94558944390155
mfeat-factors,CatBoost,1800,200,10,0.05000488737869305,0.13153186399671937,0.023782385513186455,0.9750000238418579,4.75748127209954
mfeat-factors,ExtraTrees,1800,200,10,0.04570695157844137,0.12775894631533682,0.021735038608312607,0.9750000238418579,5.765714526874945
mfeat-factors,LightGBM,1800,200,10,0.04343400755602586,0.11158744043066329,0.01737971045076847,0.9750000238418579,3.782018010970205
mfeat-factors,LinearModel,1800,200,10,0.03184360175816146,0.0851468831996098,0.01920134201645851,0.9750000238418579,3.9229510370641947
mfeat-factors,NeuralNetFastAI,1800,200,10,0.02502048777639029,0.04903940881259184,0.016279397532343864,0.9800000190734863,4.844144135946408
mfeat-factors,NeuralNetTorch,1800,200,10,0.033419200027353796,0.08177916288484342,0.007605845108628273,0.9800000190734863,4.436998802004382
mfeat-factors,RandomForest,1800,200,10,0.05024697258920784,0.11370301261417147,0.025677300989627838,0.9750000238418579,5.29401865019463
mfeat-factors,XGBoost,1800,200,10,0.042974847341539064,0.1139606934674037,0.028174802660942078,0.9850000143051147,3.9058423759415746
micro-mass,CatBoost,513,58,20,0.07517947965541322,0.1480651024894299,0.08122298866510391,0.9655172228813171,28.641135817859322
micro-mass,ExtraTrees,513,58,20,0.11579427469672417,0.23360814821754583,0.056865446269512177,0.931034505367279,15.037804252002388
micro-mass,LightGBM,513,58,20,0.09281176758691113,0.217521450532421,0.05809052288532257,0.9655172228813171,21.09517270582728
micro-mass,LinearModel,513,58,20,0.08960796399147862,0.20741352704044136,0.03332347795367241,0.9482758641242981,27.88766447803937
micro-mass,NeuralNetFastAI,513,58,20,0.21180424491253913,0.46077575837891416,0.1434144228696823,0.8620689511299133,14.60389472800307
micro-mass,NeuralNetTorch,513,58,20,0.07789323708550575,0.17975062756914395,0.047256920486688614,0.9655172228813171,26.48834697017446
micro-mass,RandomForest,513,58,20,0.10855908665898217,0.22769392141329833,0.08341097086668015,0.9137930870056152,11.151913462905213
micro-mass,XGBoost,513,58,20,0.12237658584191471,0.2429982373722353,0.10911718755960464,0.931034505367279,20.595413025002927
microaggregation2,CatBoost,18000,2000,5,0.48181890426599117,0.906880075279797,0.015449108555912971,0.637499988079071,5.270602287026122
microaggregation2,ExtraTrees,18000,2000,5,0.4914870782515576,0.9303204746046274,0.019807428121566772,0.6290000081062317,5.279089422896504
microaggregation2,LightGBM,18000,2000,5,0.47787969826110854,0.8972931840629721,0.022917592898011208,0.6395000219345093,5.217587813967839
microaggregation2,LinearModel,18000,2000,5,0.5462768923459913,1.0312009653230165,0.024694189429283142,0.5799999833106995,5.58263897895813
microaggregation2,NeuralNetFastAI,18000,2000,5,0.4564657581382427,0.8590786974905618,0.02693444862961769,0.6539999842643738,5.429483629995957
microaggregation2,NeuralNetTorch,18000,2000,5,0.4672236700862151,0.8780249498022847,0.01947537437081337,0.6485000252723694,5.350875396979973
microaggregation2,RandomForest,18000,2000,5,0.49420751966079135,0.9363944804636721,0.02037423849105835,0.6309999823570251,4.7289926880039275
microaggregation2,XGBoost,18000,2000,5,0.4799201225999749,0.9024062221904483,0.030656825751066208,0.6370000243186951,6.142715794965625
okcupid-stem,CatBoost,45710,5079,3,0.3357393694618635,0.5630537239563561,0.013375159353017807,0.7607796788215637,8.281111738877371
okcupid-stem,ExtraTrees,45710,5079,3,0.3551938916899674,0.5908039332469209,0.012253042310476303,0.7458161115646362,9.064624758204445
okcupid-stem,LightGBM,45710,5079,3,0.33873976548939055,0.5644340850485366,0.01425679586827755,0.761567234992981,9.071320777060464
okcupid-stem,LinearModel,45710,5079,3,0.34372405764900316,0.5735403785312503,0.01663104072213173,0.7544792294502258,7.76744907698594
okcupid-stem,NeuralNetFastAI,45710,5079,3,0.341946884144891,0.570044404350858,0.01072112936526537,0.7570387721061707,8.965345161035657
okcupid-stem,NeuralNetTorch,45710,5079,3,0.3374196316004847,0.5641674318525859,0.010542193427681923,0.7625516653060913,9.001738043036312
okcupid-stem,RandomForest,45710,5079,3,0.3540881171192122,0.588705613882682,0.007899509742856026,0.7448316812515259,7.544057272840291
okcupid-stem,XGBoost,45710,5079,3,0.33878826955195607,0.565354472263629,0.01046731323003769,0.7609765529632568,8.533562998985872
optdigits,CatBoost,5058,562,10,0.02280308033569261,0.04923677213728903,0.009239109233021736,0.9857650995254517,7.2541041490621865
optdigits,ExtraTrees,5058,562,10,0.01951413206963874,0.04977078968977336,0.007608511485159397,0.9893238544464111,8.273024028167129
optdigits,LightGBM,5058,562,10,0.017402858693216953,0.039698531340545774,0.008356322534382343,0.9893238544464111,6.167151389177889
optdigits,LinearModel,5058,562,10,0.04893273768023442,0.09392623033721782,0.013798563741147518,0.9715302586555481,7.497490721056238
optdigits,NeuralNetFastAI,5058,562,10,0.023426117245113485,0.048243797690048884,0.012015520595014095,0.9893238544464111,6.912464801920578
optdigits,NeuralNetTorch,5058,562,10,0.016353705002151695,0.04081225867851797,0.009384340606629848,0.9911032319068909,5.859968874137849
optdigits,RandomForest,5058,562,10,0.032142074115071875,0.0800116609886954,0.015064495615661144,0.9839857816696167,6.9424463589675725
optdigits,XGBoost,5058,562,10,0.03174220381886654,0.06015657904651592,0.012449163012206554,0.9804270267486572,7.398090912029147
page-blocks,CatBoost,4925,548,5,0.04291307116464137,0.09281746658247574,0.011358083225786686,0.9726277589797974,2.2793582829181105
page-blocks,ExtraTrees,4925,548,5,0.044368874600737775,0.09416631763233951,0.008413705043494701,0.970802903175354,2.2402684029657394
page-blocks,LightGBM,4925,548,5,0.0426114734913848,0.09004946159585478,0.013489175587892532,0.9671533107757568,1.9053946419153363
page-blocks,LinearModel,4925,548,5,0.042710314832072716,0.09464621701419042,0.014176486060023308,0.970802903175354,2.5583726831246167
page-blocks,NeuralNetFastAI,4925,548,5,0.05011963759074689,0.10666695201008938,0.012789028696715832,0.9653284549713135,2.1842567599378526
page-blocks,NeuralNetTorch,4925,548,5,0.0406301168156881,0.0896762491811444,0.008012919686734676,0.974452555179596,2.0035672599915415
page-blocks,RandomForest,4925,548,5,0.040093515086330626,0.0879237388112257,0.013533865101635456,0.9762773513793945,2.5829396159388125
page-blocks,XGBoost,4925,548,5,0.042098358514401205,0.09163921348713139,0.010733849368989468,0.9762773513793945,2.127563253045082
pendigits,CatBoost,9892,1100,10,0.00564798869915665,0.01282286033196224,0.00649886392056942,0.9972727298736572,9.400520876049995
pendigits,ExtraTrees,9892,1100,10,0.00802563508228245,0.01823796681630455,0.004735902883112431,0.9954545497894287,10.898757982999086
pendigits,LightGBM,9892,1100,10,0.006798028692568449,0.013696080568980293,0.007041332311928272,0.9936363697052002,10.607513362076133
pendigits,LinearModel,9892,1100,10,0.04060368073777356,0.09239517826350374,0.012349976226687431,0.9781818389892578,34.26745085394941
pendigits,NeuralNetFastAI,9892,1100,10,0.008644230878276591,0.01655305397679142,0.0046771615743637085,0.9945454597473145,10.206376359099522
pendigits,NeuralNetTorch,9892,1100,10,0.006384016030739256,0.013748200680246896,0.008116552606225014,0.996363639831543,10.604692122898996
pendigits,RandomForest,9892,1100,10,0.017197788049614623,0.032384214427075494,0.005787672474980354,0.9890909194946289,12.111780485138297
pendigits,XGBoost,9892,1100,10,0.01048714999179099,0.022490381537417788,0.005293257534503937,0.9918181896209717,10.076372344046831
robert,CatBoost,9000,1000,10,0.5918955652334487,1.31140369696103,0.027445929124951363,0.546999990940094,13.427827416919172
robert,ExtraTrees,9000,1000,10,0.6541447046462991,1.4967826963452957,0.04737293720245361,0.49900001287460327,11.394052424933761
robert,LightGBM,9000,1000,10,0.5723386025795378,1.2621333837512805,0.03326159715652466,0.5680000185966492,11.217291100881994
robert,LinearModel,9000,1000,10,0.7586763708815215,1.7465586414442098,0.06936375796794891,0.375,6.906209072098136
robert,NeuralNetFastAI,9000,1000,10,0.6577415425684318,1.4858653321774309,0.03996073082089424,0.4869999885559082,10.308506611036137
robert,NeuralNetTorch,9000,1000,10,0.6481809770434167,1.461913995110579,0.03392774239182472,0.49000000953674316,10.434258484980091
robert,RandomForest,9000,1000,10,0.6641697892211091,1.523381624368451,0.034415245056152344,0.47200000286102295,11.384459023131058
robert,XGBoost,9000,1000,10,0.6038625246149445,1.3417998799517903,0.04472240433096886,0.5329999923706055,11.447288684081286
satimage,CatBoost,5787,643,6,0.11571104358115826,0.2093177322768958,0.019083894789218903,0.920684278011322,3.868661133106798
satimage,ExtraTrees,5787,643,6,0.11481612811558951,0.21084250814220387,0.016153601929545403,0.9222394824028015,4.719682097900659
satimage,LightGBM,5787,643,6,0.1178931242032814,0.20865601761389552,0.027248691767454147,0.9113530516624451,4.3230073179584
satimage,LinearModel,5787,643,6,0.1765698401933455,0.30302617884172517,0.028158484026789665,0.8662519454956055,5.011449742130935
satimage,NeuralNetFastAI,5787,643,6,0.11303023821685702,0.19461204725446182,0.01641363464295864,0.9222394824028015,3.702582943951711
satimage,NeuralNetTorch,5787,643,6,0.11412398083626094,0.1973490936454919,0.024730442091822624,0.9191290736198425,4.157813493162394
satimage,RandomForest,5787,643,6,0.11908437378644006,0.2159278552513653,0.020022384822368622,0.9191290736198425,4.238086441997439
satimage,XGBoost,5787,643,6,0.11650914231770623,0.21710224074360154,0.019235750660300255,0.923794686794281,3.828203332843259
segment,CatBoost,2079,231,7,0.024073573773371045,0.05845153464867499,0.017597312107682228,0.9826839566230774,2.80578167620115
segment,ExtraTrees,2079,231,7,0.02782918724439308,0.06626374968071819,0.017541009932756424,0.9783549904823303,2.781267920974642
segment,LightGBM,2079,231,7,0.03984923254201467,0.08348230088583149,0.01849573291838169,0.9783549904823303,2.456999901914969
segment,LinearModel,2079,231,7,0.035868011743368636,0.08890106359741,0.025195647031068802,0.9783549904823303,3.124817793024704
segment,NeuralNetFastAI,2079,231,7,0.03920501386889021,0.08084312862776795,0.02425388991832733,0.9696969985961914,2.003598475828767
segment,NeuralNetTorch,2079,231,7,0.030437139092345408,0.07133361921408334,0.023641571402549744,0.9826839566230774,2.46541795716621
segment,RandomForest,2079,231,7,0.03213127061906039,0.0730322114774636,0.020644478499889374,0.9826839566230774,2.9287347928620875
segment,XGBoost,2079,231,7,0.04289806824868856,0.0820850767583564,0.010622077621519566,0.9696969985961914,3.047603616025299
semeion,CatBoost,1433,160,10,0.0932388914386543,0.19425873434021598,0.06085921823978424,0.9437500238418579,2.791091919876635
semeion,ExtraTrees,1433,160,10,0.15120300362992106,0.3568340968232218,0.05666341260075569,0.893750011920929,3.559206326957792
semeion,LightGBM,1433,160,10,0.12474631883802331,0.27520603217310874,0.05956433713436127,0.925000011920929,2.721605858998373
semeion,LinearModel,1433,160,10,0.12296080023317461,0.25966404171312674,0.06154833361506462,0.9312499761581421,3.181069089099765
semeion,NeuralNetFastAI,1433,160,10,0.10031876925874254,0.2003185182661278,0.057552773505449295,0.9312499761581421,3.338573660934344
semeion,NeuralNetTorch,1433,160,10,0.11984373808031593,0.24581396051032467,0.049544524401426315,0.9125000238418579,2.989145514089614
semeion,RandomForest,1433,160,10,0.1546893221245103,0.36254677971405497,0.03839217498898506,0.8999999761581421,4.0192595010157675
semeion,XGBoost,1433,160,10,0.11970195232080032,0.2767565211920102,0.05277874320745468,0.9125000238418579,3.1115878510754555
soybean,CatBoost,614,69,19,0.14363535290837628,0.2240868776289329,0.08222267031669617,0.8840579986572266,20.39042689395137
soybean,ExtraTrees,614,69,19,0.08867558198586752,0.16748427106251595,0.04958123341202736,0.9420289993286133,6.140535083832219
soybean,LightGBM,614,69,19,0.051483084673860695,0.10587685109288006,0.05698626860976219,0.9710144996643066,17.87416900903918
soybean,LinearModel,614,69,19,0.11918584667547624,0.2727363169573655,0.06953144818544388,0.9275362491607666,17.905433711828664
soybean,NeuralNetFastAI,614,69,19,0.09387679151556343,0.19450344043964254,0.0501335971057415,0.9420289993286133,20.60485630016774
soybean,NeuralNetTorch,614,69,19,0.1048344119630648,0.23637135066616732,0.06717219203710556,0.95652174949646,9.654746634885669
soybean,RandomForest,614,69,19,0.12202237516899704,0.23483087331456798,0.06236368417739868,0.9275362491607666,7.375716435024515
soybean,XGBoost,614,69,19,0.12593517316791322,0.24246895626855286,0.06005655974149704,0.8985507488250732,21.39373452705331
splice,CatBoost,2871,319,3,0.054779641942043183,0.10588273947121334,0.016518540680408478,0.962382435798645,1.1374785220250487
splice,ExtraTrees,2871,319,3,0.08039747432762369,0.14756879490234745,0.023086650297045708,0.9467084407806396,0.9371603969484568
splice,LightGBM,2871,319,3,0.061454163146228265,0.11943991742566445,0.012575289234519005,0.962382435798645,0.922591838054359
splice,LinearModel,2871,319,3,0.09575862875229478,0.18873592430354424,0.036838531494140625,0.9341692924499512,1.0168060311116278
splice,NeuralNetFastAI,2871,319,3,0.056732080256500346,0.1067972517161902,0.019429992884397507,0.9592476487159729,0.9616804381366819
splice,NeuralNetTorch,2871,319,3,0.06874078392728364,0.13163869989482532,0.022779077291488647,0.9592476487159729,1.3324365040753037
splice,RandomForest,2871,319,3,0.08173516877575408,0.14556030813444262,0.021274356171488762,0.9373040795326233,0.8669378450140357
splice,XGBoost,2871,319,3,0.05427536559969814,0.1029576618546251,0.010630232281982899,0.9655172228813171,1.1241734081413597
steel-plates-fault,CatBoost,1746,195,7,0.24799995607847858,0.47578325265431914,0.0700613334774971,0.8205128312110901,1.9074401929974556
steel-plates-fault,ExtraTrees,1746,195,7,0.2636024269872695,0.4916696202410514,0.059192124754190445,0.8102564215660095,2.1104792659170926
steel-plates-fault,LightGBM,1746,195,7,0.2527447271841137,0.49155599469423533,0.06242995336651802,0.7948718070983887,1.7675421959720552
steel-plates-fault,LinearModel,1746,195,7,0.3582175240842405,0.6674827932270053,0.07762151956558228,0.7128205299377441,3.108907744055614
steel-plates-fault,NeuralNetFastAI,1746,195,7,0.305938987174767,0.578077349779391,0.05852032080292702,0.7846153974533081,1.7364437200594693
steel-plates-fault,NeuralNetTorch,1746,195,7,0.3395830772523825,0.6302323332274306,0.07382547855377197,0.7333333492279053,1.6309027050156146
steel-plates-fault,RandomForest,1746,195,7,0.2525032975683473,0.4821326685815825,0.044414080679416656,0.8102564215660095,1.755956859793514
steel-plates-fault,XGBoost,1746,195,7,0.25056801052346966,0.49217863737762707,0.0720086544752121,0.8051282167434692,1.757185951108113
synthetic_control,CatBoost,540,60,6,0.00031242161148875314,0.0075813082745477866,0.007454649545252323,1.0,2.0662104301154613
synthetic_control,ExtraTrees,540,60,6,0.0017412614552746633,0.017943740963805212,0.01737644150853157,1.0,1.4180333320982754
synthetic_control,LightGBM,540,60,6,0.00026016667376889836,0.006442676040674745,0.006346859969198704,1.0,2.9300379410851747
synthetic_control,LinearModel,540,60,6,0.0004698361160758535,0.012763997956716533,0.012595927342772484,1.0,1.3637389880605042
synthetic_control,NeuralNetFastAI,540,60,6,0.00021001253576664696,0.0053001027684574705,0.005215160548686981,1.0,3.135334570892155
synthetic_control,NeuralNetTorch,540,60,6,0.003547238863630492,0.015495074382968842,0.014101479202508926,1.0,2.472790711093694
synthetic_control,RandomForest,540,60,6,0.0027492424485597274,0.018606465852759244,0.017677616328001022,1.0,1.319662207039073
synthetic_control,XGBoost,540,60,6,0.0020455211502105096,0.017391114359201224,0.016534512862563133,1.0,1.542963959975168
texture,CatBoost,4950,550,11,0.014361522051533591,0.024565297187547023,0.006745851133018732,0.9909090995788574,15.124796259216964
texture,ExtraTrees,4950,550,11,0.024892486771757535,0.04458217949775017,0.012987075373530388,0.9818181991577148,11.082446278072894
texture,LightGBM,4950,550,11,0.005430740882793474,0.016314569751729624,0.0038971153553575277,0.9981818199157715,13.01703214389272
texture,LinearModel,4950,550,11,0.007794784315710124,0.013130078305755523,0.005392170045524836,0.9945454597473145,17.155511488905177
texture,NeuralNetFastAI,4950,550,11,0.005977703788776997,0.011328297618742583,0.0015178616158664227,0.996363639831543,20.7550494261086
texture,NeuralNetTorch,4950,550,11,0.00733765519894264,0.01191391666654422,0.006891997531056404,0.996363639831543,24.08231872296892
texture,RandomForest,4950,550,11,0.02541897627321078,0.051656426048984024,0.010515300557017326,0.9854545593261719,9.443662310950458
texture,XGBoost,4950,550,11,0.014224656711678788,0.032587078136955126,0.007561445236206055,0.9909090995788574,8.462663989048451
vehicle,CatBoost,761,85,4,0.2615338397874094,0.4324836770175712,0.0715862438082695,0.8235294222831726,0.6386419830378145
vehicle,ExtraTrees,761,85,4,0.25259573648099926,0.4106683770694326,0.098342165350914,0.8235294222831726,0.6034656530246139
vehicle,LightGBM,761,85,4,0.26967544226629286,0.42737092616196337,0.066677525639534,0.7882353067398071,0.8161368737928569
vehicle,LinearModel,761,85,4,0.1949376769557858,0.32451810768964484,0.058269280940294266,0.8470588326454163,0.5742661030963063
vehicle,NeuralNetFastAI,761,85,4,0.22133788133601195,0.34915599642725587,0.06459594517946243,0.8117647171020508,0.7897955090738833
vehicle,NeuralNetTorch,761,85,4,0.18465503360760244,0.30698702903019226,0.07175661623477936,0.8470588326454163,0.624455682002008
vehicle,RandomForest,761,85,4,0.26711683696531713,0.44576570981537034,0.05011093616485596,0.8117647171020508,0.7091567909810692
vehicle,XGBoost,761,85,4,0.27638974873926625,0.4545188646786579,0.09623079001903534,0.8117647171020508,0.614352063043043
volcanoes-a2,CatBoost,1460,163,5,0.11245153633368822,0.2405713747485352,0.044972848147153854,0.9141104221343994,0.9484515991061926
volcanoes-a2,ExtraTrees,1460,163,5,0.11355899348055076,0.24695226375517124,0.0496857576072216,0.9141104221343994,1.4222332490608096
volcanoes-a2,LightGBM,1460,163,5,0.10164286485514999,0.2195477571053929,0.050863247364759445,0.9325153231620789,0.9284792190883309
volcanoes-a2,LinearModel,1460,163,5,0.1137409407797981,0.24497777272536606,0.047291532158851624,0.9141104221343994,0.8472055271267891
volcanoes-a2,NeuralNetFastAI,1460,163,5,0.11119096306789132,0.24330141668386354,0.051473911851644516,0.9202454090118408,0.8183143530040979
volcanoes-a2,NeuralNetTorch,1460,163,5,0.10907243410575208,0.23694342043712505,0.05377197265625,0.9263803958892822,0.8086985850241035
volcanoes-a2,RandomForest,1460,163,5,0.11369146404083497,0.2479114927499931,0.06496870517730713,0.9202454090118408,1.074808908160776
volcanoes-a2,XGBoost,1460,163,5,0.10966579799336115,0.23811404194567568,0.05044519528746605,0.9202454090118408,0.9233072169590741
volcanoes-a3,CatBoost,1368,153,5,0.1416064989015326,0.30654340277623315,0.04697876796126366,0.8954248428344727,0.7518932467792183
volcanoes-a3,ExtraTrees,1368,153,5,0.1476692947182314,0.31736533679400436,0.05813322961330414,0.8758170008659363,1.6439932947978377
volcanoes-a3,LightGBM,1368,153,5,0.14317762173805093,0.31339358664744643,0.04599938914179802,0.8954248428344727,0.7106740379240364
volcanoes-a3,LinearModel,1368,153,5,0.1419356974644528,0.31328677218525725,0.042463500052690506,0.8888888955116272,0.8865096371155232
volcanoes-a3,NeuralNetFastAI,1368,153,5,0.1410898773225614,0.31773007038986684,0.05129934102296829,0.8954248428344727,0.7642161068506539
volcanoes-a3,NeuralNetTorch,1368,153,5,0.14252531742049362,0.31261224411645955,0.04934496432542801,0.8954248428344727,0.720175595022738
volcanoes-a3,RandomForest,1368,153,5,0.14495418421312994,0.3184664503753232,0.05057242885231972,0.8954248428344727,1.0345632799435407
volcanoes-a3,XGBoost,1368,153,5,0.1489694551636647,0.31551461812984216,0.06787595897912979,0.8888888955116272,0.8465885438490659
volcanoes-a4,CatBoost,1363,152,5,0.13315863116201293,0.31143463352820805,0.05703860893845558,0.9144737124443054,0.707846598001197
volcanoes-a4,ExtraTrees,1363,152,5,0.13206278213389377,0.30657931344551265,0.0453367754817009,0.9210526347160339,0.7761403501499444
volcanoes-a4,LightGBM,1363,152,5,0.1305597011636507,0.30125165496292444,0.04118778184056282,0.9144737124443054,0.7437003890518099
volcanoes-a4,LinearModel,1363,152,5,0.13073024277089587,0.3047738083559354,0.04349999502301216,0.9144737124443054,0.7594571900554001
volcanoes-a4,NeuralNetFastAI,1363,152,5,0.12682626653233425,0.2958263920070351,0.04689018428325653,0.9144737124443054,0.7319574498105794
volcanoes-a4,NeuralNetTorch,1363,152,5,0.13072517462939032,0.30441337493371523,0.05022965371608734,0.9144737124443054,0.6634406908415258
volcanoes-a4,RandomForest,1363,152,5,0.1312130477321258,0.3090600873450889,0.03672167658805847,0.9144737124443054,0.8611374259926379
volcanoes-a4,XGBoost,1363,152,5,0.13286907430552944,0.31298779066696514,0.04668183997273445,0.9144737124443054,0.6948503470048308
volcanoes-b1,CatBoost,9158,1018,5,0.053799830838653306,0.13947170430162936,0.007991466671228409,0.9675834774971008,1.9168597580865026
volcanoes-b1,ExtraTrees,9158,1018,5,0.05348379207509708,0.139182631763433,0.010330588556826115,0.968565821647644,2.2505841369275004
volcanoes-b1,LightGBM,9158,1018,5,0.054856840683653346,0.14328843754302545,0.008723846636712551,0.9656188488006592,2.207233774010092
volcanoes-b1,LinearModel,9158,1018,5,0.054362059035773826,0.14155964533169457,0.006294221617281437,0.968565821647644,1.9509055798407644
volcanoes-b1,NeuralNetFastAI,9158,1018,5,0.053656407990057275,0.14022498115581203,0.009821313433349133,0.9695481061935425,1.9394362489692867
volcanoes-b1,NeuralNetTorch,9158,1018,5,0.053498615557072256,0.1404257365497967,0.008248738944530487,0.9705304503440857,1.9554612701758742
volcanoes-b1,RandomForest,9158,1018,5,0.054192282932118266,0.13912727885327103,0.008502144366502762,0.9666011929512024,3.8964061429724097
volcanoes-b1,XGBoost,9158,1018,5,0.05317238403787765,0.1399095663431866,0.012305391021072865,0.968565821647644,2.012384417001158
volcanoes-b2,CatBoost,9601,1067,5,0.05058550001223905,0.1331828719042251,0.00799961294978857,0.9681349396705627,2.2017217008396983
volcanoes-b2,ExtraTrees,9601,1067,5,0.05025910441245037,0.13218950430819912,0.008012359030544758,0.9681349396705627,2.235043534077704
volcanoes-b2,LightGBM,9601,1067,5,0.05186604230040516,0.1367538728059567,0.009099607355892658,0.969072163105011,2.1891857320442796
volcanoes-b2,LinearModel,9601,1067,5,0.05013958286292621,0.13234884010578685,0.007824587635695934,0.969072163105011,2.302258698036894
volcanoes-b2,NeuralNetFastAI,9601,1067,5,0.05041070304202028,0.13178178484768083,0.009257464669644833,0.969072163105011,2.6523809561040252
volcanoes-b2,NeuralNetTorch,9601,1067,5,0.05069949441086695,0.13309153066625454,0.010781615041196346,0.969072163105011,1.931134716141969
volcanoes-b2,RandomForest,9601,1067,5,0.05033343262019529,0.13379729076152228,0.01000363938510418,0.9709465503692627,2.0871309821959585
volcanoes-b2,XGBoost,9601,1067,5,0.050221706366440445,0.13411276667556152,0.0075597818940877914,0.9671977758407593,2.123544206144288
volcanoes-b5,CatBoost,8990,999,5,0.05618856749143983,0.13915525065983347,0.01538048591464758,0.966966986656189,1.9548188128974289
volcanoes-b5,ExtraTrees,8990,999,5,0.05763703907786809,0.14270595421520976,0.012866386212408543,0.965965986251831,2.1698639229871333
volcanoes-b5,LightGBM,8990,999,5,0.057226678104294104,0.14065668882786908,0.015061470679938793,0.9639639854431152,1.9911600900813937
volcanoes-b5,LinearModel,8990,999,5,0.05727572016876397,0.14127299602941482,0.01160911563783884,0.965965986251831,1.9249738710932434
volcanoes-b5,NeuralNetFastAI,8990,999,5,0.05765298466364494,0.14087462060600447,0.011586119420826435,0.9649649858474731,1.9744509970769286
volcanoes-b5,NeuralNetTorch,8990,999,5,0.05715604548122225,0.14126704747339855,0.011149343103170395,0.9639639854431152,2.0199634060263634
volcanoes-b5,RandomForest,8990,999,5,0.05799034353631617,0.14373955825880483,0.01096893846988678,0.966966986656189,3.819074923871085
volcanoes-b5,XGBoost,8990,999,5,0.05518411399251863,0.1404406980139569,0.016125494614243507,0.966966986656189,2.0089516390580684
volcanoes-b6,CatBoost,9117,1013,5,0.06357449093656709,0.1679439161521795,0.011655151844024658,0.9624876379966736,2.605174317024648
volcanoes-b6,ExtraTrees,9117,1013,5,0.0634368634246706,0.1673366741759935,0.01230576355010271,0.9644619822502136,2.070549365133047
volcanoes-b6,LightGBM,9117,1013,5,0.06380498350610543,0.16781501166120275,0.01227282639592886,0.9634748101234436,1.784115474903956
volcanoes-b6,LinearModel,9117,1013,5,0.06382545275270224,0.16991365879115078,0.012737342156469822,0.9644619822502136,2.0185782611370087
volcanoes-b6,NeuralNetFastAI,9117,1013,5,0.06403152872718437,0.169287657492535,0.014629323035478592,0.9624876379966736,1.859509611967951
volcanoes-b6,NeuralNetTorch,9117,1013,5,0.06435585085553465,0.17113518084780263,0.01787053607404232,0.9644619822502136,1.9753735680133104
volcanoes-b6,RandomForest,9117,1013,5,0.0641957370349266,0.16917046837000066,0.011207439005374908,0.9634748101234436,2.2493901669513434
volcanoes-b6,XGBoost,9117,1013,5,0.062331362675091845,0.16584574641151387,0.014917463064193726,0.9624876379966736,2.222845094045624
volcanoes-d1,CatBoost,7877,876,5,0.10001888558022512,0.2520380314613829,0.014486119151115417,0.9440639019012451,1.8440271879080683
volcanoes-d1,ExtraTrees,7877,876,5,0.10030978074941165,0.25325732809324775,0.012832402251660824,0.9440639019012451,2.2252824660390615
volcanoes-d1,LightGBM,7877,876,5,0.10018492899146082,0.25236045369607224,0.011074308305978775,0.9440639019012451,1.777409743051976
volcanoes-d1,LinearModel,7877,876,5,0.09975720527258793,0.25085178318870566,0.013315880671143532,0.9440639019012451,1.7294638080056757
volcanoes-d1,NeuralNetFastAI,7877,876,5,0.10022202517111548,0.2521605009499872,0.008470661006867886,0.9440639019012451,1.7641614668536931
volcanoes-d1,NeuralNetTorch,7877,876,5,0.09995487875336956,0.2520760329734657,0.008922680281102657,0.9440639019012451,1.6928429810795933
volcanoes-d1,RandomForest,7877,876,5,0.10113349307873735,0.2564707887138858,0.014134506694972515,0.9440639019012451,2.452698856126517
volcanoes-d1,XGBoost,7877,876,5,0.09931964283032287,0.25119709073367846,0.012067865580320358,0.9440639019012451,1.7665233050938696
volcanoes-d4,CatBoost,7788,866,5,0.09652482428823261,0.2356846602483531,0.018406441435217857,0.943418025970459,1.7706934378948063
volcanoes-d4,ExtraTrees,7788,866,5,0.097001749158708,0.23820857736665524,0.014366510324180126,0.943418025970459,1.7988955490291119
volcanoes-d4,LightGBM,7788,866,5,0.09633860620311263,0.23648183505803028,0.017442479729652405,0.943418025970459,1.969215241027996
volcanoes-d4,LinearModel,7788,866,5,0.09712185698290444,0.2376706231263301,0.01504026260226965,0.943418025970459,1.6188071521464735
volcanoes-d4,NeuralNetFastAI,7788,866,5,0.09760837951288805,0.2387753047725115,0.01734018512070179,0.943418025970459,1.5693087321706116
volcanoes-d4,NeuralNetTorch,7788,866,5,0.09763973804820247,0.2392262457335827,0.015944186598062515,0.943418025970459,1.5977516558486968
volcanoes-d4,RandomForest,7788,866,5,0.0967818421335365,0.23723231324906396,0.010104194283485413,0.943418025970459,1.8944759340956807
volcanoes-d4,XGBoost,7788,866,5,0.09706897436523991,0.237907267048367,0.01121109165251255,0.943418025970459,1.8479523689020425
volcanoes-e1,CatBoost,1064,119,5,0.16140143671437182,0.37455429496701104,0.035663675516843796,0.8991596698760986,0.802415570942685
volcanoes-e1,ExtraTrees,1064,119,5,0.16567261411836343,0.3839440875638408,0.05198400095105171,0.9075630307197571,0.6977476750034839
volcanoes-e1,LightGBM,1064,119,5,0.16118353510121064,0.38552297741358105,0.057682380080223083,0.9075630307197571,0.8518416390288621
volcanoes-e1,LinearModel,1064,119,5,0.16400288457147247,0.3845395115986347,0.05194506049156189,0.9075630307197571,0.9175037269014865
volcanoes-e1,NeuralNetFastAI,1064,119,5,0.1576946221268071,0.36183439030466863,0.03743012994527817,0.9075630307197571,0.7754306639544666
volcanoes-e1,NeuralNetTorch,1064,119,5,0.16112395430340232,0.37598999105649944,0.04892105981707573,0.9075630307197571,0.6919574199710041
volcanoes-e1,RandomForest,1064,119,5,0.1699769896998554,0.4034970549502225,0.048552222549915314,0.9075630307197571,0.8545514040160924
volcanoes-e1,XGBoost,1064,119,5,0.16286617363433886,0.38888945026794863,0.031918980181217194,0.9075630307197571,0.6550252069719136
volkert,CatBoost,52479,5831,10,0.3878497745880731,0.7879400611098522,0.018978895619511604,0.709483802318573,97.56051288312301
volkert,ExtraTrees,52479,5831,10,0.41267255159650673,0.8518815763810795,0.014890588819980621,0.6979934573173523,106.71222199406475
volkert,LightGBM,52479,5831,10,0.35679361432902784,0.7246451804135109,0.012014131993055344,0.7379523515701294,104.00792840798385
volkert,LinearModel,52479,5831,10,0.5178877867050089,1.0857153112733178,0.0180750023573637,0.6108729243278503,149.0335044991225
volkert,NeuralNetFastAI,52479,5831,10,0.35739138049253655,0.7262095859673113,0.027550313621759415,0.7405247688293457,91.95693351398222
volkert,NeuralNetTorch,52479,5831,10,0.38525579538057936,0.7795794059588507,0.024440515786409378,0.7135997414588928,86.66776589793153
volkert,RandomForest,52479,5831,10,0.41369411360710034,0.8568310689755836,0.017305726185441017,0.6950780153274536,105.07160342182033
volkert,XGBoost,52479,5831,10,0.3749700911014436,0.7669997035847188,0.01227976568043232,0.7237180471420288,123.94766543596052
wall-robot-navigation,CatBoost,4910,546,4,0.003736994527291236,0.007751622909569905,0.006347345188260078,1.0,1.5934026120230556
wall-robot-navigation,ExtraTrees,4910,546,4,0.02794231079069679,0.05166371370154998,0.009463482536375523,0.9816849827766418,2.2262701489962637
wall-robot-navigation,LightGBM,4910,546,4,0.0043146171126668695,0.008761309201296062,0.00618181424215436,0.9963369965553284,2.0013334010727704
wall-robot-navigation,LinearModel,4910,546,4,0.26765702116988505,0.45939679358627705,0.052341312170028687,0.8095238208770752,6.643451039912179
wall-robot-navigation,NeuralNetFastAI,4910,546,4,0.046627712050456474,0.0884308022864355,0.016900263726711273,0.970695972442627,2.0523299670312554
wall-robot-navigation,NeuralNetTorch,4910,546,4,0.051457809897843605,0.10186469618411931,0.021506087854504585,0.9652014374732971,1.9318624830339104
wall-robot-navigation,RandomForest,4910,546,4,0.013536950603054798,0.029058930770780995,0.006335220765322447,0.9926739931106567,1.5250970260240138
wall-robot-navigation,XGBoost,4910,546,4,0.009328908907609275,0.013438166943858736,0.007002121768891811,0.9908424615859985,2.291186817921698
waveform-5000,CatBoost,4500,500,3,0.19798933728911275,0.3127979347505654,0.036871083080768585,0.8539999723434448,2.08418474602513
waveform-5000,ExtraTrees,4500,500,3,0.2103159298777858,0.32053499932059903,0.042672716081142426,0.8320000171661377,1.74049255810678
waveform-5000,LightGBM,4500,500,3,0.198695049363998,0.31236991676718734,0.03283889591693878,0.8479999899864197,1.7492282500024885
waveform-5000,LinearModel,4500,500,3,0.18391334634328915,0.2886231098440018,0.01972874067723751,0.8659999966621399,1.8302652789279819
waveform-5000,NeuralNetFastAI,4500,500,3,0.18227300649037123,0.2812831933618752,0.033051807433366776,0.8600000143051147,1.5953353960067034
waveform-5000,NeuralNetTorch,4500,500,3,0.1825579874606738,0.28805597408914463,0.02355099283158779,0.8619999885559082,1.3618137361481786
waveform-5000,RandomForest,4500,500,3,0.22508125967271736,0.3459478555170823,0.030020197853446007,0.828000009059906,1.6974501828663051
waveform-5000,XGBoost,4500,500,3,0.20223417639381303,0.3181431298684941,0.029772788286209106,0.8479999899864197,1.8734232468996197
wine-quality-red,CatBoost,1439,160,6,0.44697401976939644,0.8284368890263961,0.06997611373662949,0.6937500238418579,1.2990345370490104
wine-quality-red,ExtraTrees,1439,160,6,0.4108919665032348,0.7613178049573173,0.08666497468948364,0.668749988079071,1.4048673999495804
wine-quality-red,LightGBM,1439,160,6,0.43985397651489244,0.8239909515325262,0.06905078887939453,0.699999988079071,1.049640025012195
wine-quality-red,LinearModel,1439,160,6,0.5630550810873054,0.989084104208402,0.06777040660381317,0.550000011920929,1.0702320199925452
wine-quality-red,NeuralNetFastAI,1439,160,6,0.5293172252172105,0.9454827764342706,0.10546030104160309,0.543749988079071,1.1777078399900347
wine-quality-red,NeuralNetTorch,1439,160,6,0.4979368909287031,0.9119142081199361,0.07984468340873718,0.637499988079071,1.0324697438627481
wine-quality-red,RandomForest,1439,160,6,0.4200854198866189,0.8013039802829842,0.08798308670520782,0.7124999761581421,1.3335780170746148
wine-quality-red,XGBoost,1439,160,6,0.4400707161609144,0.8222708170065534,0.049451716244220734,0.668749988079071,1.1572715230286121
wine-quality-white,CatBoost,4408,490,7,0.3954911860083096,0.7508560652135945,0.06501259654760361,0.722449004650116,3.547628097003326
wine-quality-white,ExtraTrees,4408,490,7,0.3705945124110859,0.6927943165003546,0.03944751247763634,0.7244898080825806,3.2218629599083215
wine-quality-white,LightGBM,4408,490,7,0.3719037592354114,0.7100975205707395,0.07650388777256012,0.7204081416130066,2.8460551239550114
wine-quality-white,LinearModel,4408,490,7,0.5491616174604663,1.0199741189087232,0.054090458899736404,0.581632673740387,4.58780800900422
wine-quality-white,NeuralNetFastAI,4408,490,7,0.5112133652457561,0.936728878714969,0.052880655974149704,0.6081632375717163,2.6388396648690104
wine-quality-white,NeuralNetTorch,4408,490,7,0.5117497867768873,0.9345787997161336,0.05693195015192032,0.6102041006088257,2.03745572688058
wine-quality-white,RandomForest,4408,490,7,0.37891680307006625,0.7122329095641439,0.0498913899064064,0.7102040648460388,3.1609973520971835
wine-quality-white,XGBoost,4408,490,7,0.3833487795469082,0.72840374137329,0.0571773499250412,0.722449004650116,3.125196910928935
