dataset,model,cal_size,test_size,n_classes,Spline_brier,Spline_logloss,Spline_ece-15,Spline_accuracy,Spline_time
Diabetes130US,CatBoost,91589,10177,3,0.49269667180115534,0.8277571261343596,0.007677520625293255,0.6228750944137573,20.63470204314217
Diabetes130US,ExtraTrees,91589,10177,3,0.5056086361123716,0.8476624866217558,0.007073601707816124,0.6106907725334167,17.246579479891807
Diabetes130US,LightGBM,91589,10177,3,0.49714324550162575,0.8354642041423029,0.011218898929655552,0.6219907402992249,19.785742740146816
Diabetes130US,LinearModel,91589,10177,3,0.526066346947785,0.8783921269086021,0.011332087218761444,0.5931020975112915,27.177841254044324
Diabetes130US,NeuralNetFastAI,91589,10177,3,0.5031309732163672,0.8446038635343025,0.01716373674571514,0.6183550953865051,30.549100229050964
Diabetes130US,NeuralNetTorch,91589,10177,3,0.5108315409060715,0.8558579814746442,0.009216134436428547,0.6067603230476379,17.45290656713769
Diabetes130US,RandomForest,91589,10177,3,0.504533231996958,0.8462593099812007,0.007905670441687107,0.6083325147628784,20.489093820098788
Diabetes130US,XGBoost,91589,10177,3,0.494013707711376,0.8287615970056728,0.009667648002505302,0.6217942237854004,20.96268351795152
GesturePhaseSegmentationProcessed,CatBoost,8885,988,5,0.3882159527328721,0.7440871725003886,0.023671835660934448,0.7135627269744873,5.1711616879329085
GesturePhaseSegmentationProcessed,ExtraTrees,8885,988,5,0.4154807491233071,0.7995399167445468,0.06149165332317352,0.7004048824310303,5.619570909999311
GesturePhaseSegmentationProcessed,LightGBM,8885,988,5,0.38908961247061064,0.7483640437423728,0.04106645658612251,0.7125505805015564,4.432971350150183
GesturePhaseSegmentationProcessed,LinearModel,8885,988,5,0.644750385470137,1.247609197103573,0.04566207900643349,0.4655870497226715,5.253840535879135
GesturePhaseSegmentationProcessed,NeuralNetFastAI,8885,988,5,0.5052902995863372,0.9707538290088596,0.030352888628840446,0.6275303363800049,5.38066819193773
GesturePhaseSegmentationProcessed,NeuralNetTorch,8885,988,5,0.48982293976696006,0.9465271855434402,0.04631750285625458,0.6366396546363831,5.290889997035265
GesturePhaseSegmentationProcessed,RandomForest,8885,988,5,0.4258671955394392,0.8246392949566183,0.04303755983710289,0.6831983923912048,5.483756168046966
GesturePhaseSegmentationProcessed,XGBoost,8885,988,5,0.39238993558481927,0.7539923376495745,0.050225235521793365,0.7145748734474182,4.621365698054433
Indian_pines,CatBoost,8229,915,8,0.07183335496798479,0.13212258508147892,0.026918882504105568,0.9551912546157837,7.408355936873704
Indian_pines,ExtraTrees,8229,915,8,0.10576946733151193,0.18787821916847314,0.02734306827187538,0.9344262480735779,6.0086425540503114
Indian_pines,LightGBM,8229,915,8,0.05680101754563739,0.11035505327349036,0.025709204375743866,0.9628415107727051,8.431948648998514
Indian_pines,LinearModel,8229,915,8,0.11745470833515134,0.2165338686818694,0.024065157398581505,0.9256830811500549,8.36118449899368
Indian_pines,NeuralNetFastAI,8229,915,8,0.05391546132985923,0.09997145372313122,0.012988320551812649,0.9639344215393066,7.259448955999687
Indian_pines,NeuralNetTorch,8229,915,8,0.04597421019562749,0.0869300157548144,0.01879364624619484,0.9661202430725098,7.707555381115526
Indian_pines,RandomForest,8229,915,8,0.11116231341853272,0.19607780591683063,0.031225334852933884,0.9322404265403748,6.177319491980597
Indian_pines,XGBoost,8229,915,8,0.06746772915351383,0.12351722854024283,0.022539259865880013,0.9573770761489868,7.2489192669745535
LED-display-domain-7digit,CatBoost,450,50,10,0.3966256493688121,0.8217094423199682,0.1663164496421814,0.7799999713897705,1.94253827794455
LED-display-domain-7digit,ExtraTrees,450,50,10,0.37283758469883616,0.7739028919854749,0.1277553141117096,0.800000011920929,2.4350792979821563
LED-display-domain-7digit,LightGBM,450,50,10,0.3462235405582581,0.7048356294138632,0.17373555898666382,0.7799999713897705,1.9817027021199465
LED-display-domain-7digit,LinearModel,450,50,10,0.3580842686335542,0.7417872922881072,0.12190495431423187,0.7599999904632568,2.234787341905758
LED-display-domain-7digit,NeuralNetFastAI,450,50,10,0.35866799938191835,0.7346650960308853,0.1341438740491867,0.7799999713897705,2.105056531028822
LED-display-domain-7digit,NeuralNetTorch,450,50,10,0.3573931498849172,0.7287223470720423,0.14683790504932404,0.7599999904632568,2.0317990160547197
LED-display-domain-7digit,RandomForest,450,50,10,0.3804553441821364,0.7984322025155293,0.1297493577003479,0.7599999904632568,2.185813063988462
LED-display-domain-7digit,XGBoost,450,50,10,0.36653424625291664,0.7581582096986434,0.1698404997587204,0.7599999904632568,1.9129709219560027
MiceProtein,CatBoost,972,108,8,0.0037400327629948634,0.008148354130312658,0.0065546706318855286,1.0,1.7229907049331814
MiceProtein,ExtraTrees,972,108,8,0.004908437438253812,0.013904944148902495,0.011336071416735649,1.0,1.4828136239666492
MiceProtein,LightGBM,972,108,8,0.00048730418151766877,0.0021406143803883557,0.00197984604164958,1.0,1.588621964910999
MiceProtein,LinearModel,972,108,8,0.0009267783625276615,0.01052327943646358,0.010257774963974953,1.0,1.788382736966014
MiceProtein,NeuralNetFastAI,972,108,8,0.0006210148805675724,0.004869118448684507,0.004687197506427765,1.0,1.689478683983907
MiceProtein,NeuralNetTorch,972,108,8,0.0003784361359900965,0.002079681787617548,0.0019763221498578787,1.0,1.8910616040229797
MiceProtein,RandomForest,972,108,8,0.07572161202586702,0.17626172511492616,0.03249431401491165,0.9444444179534912,1.71621507499367
MiceProtein,XGBoost,972,108,8,0.02422662155798649,0.041259263775330936,0.0303330197930336,0.9814814925193787,1.5721723651513457
Traffic_violations,CatBoost,63306,7034,3,0.2680483654025346,0.4033207413877783,0.009377074427902699,0.7999715805053711,27.05114339897409
Traffic_violations,ExtraTrees,63306,7034,3,0.27759106275226486,0.4189025671002358,0.009897854179143906,0.7888825535774231,29.9379500139039
Traffic_violations,LightGBM,63306,7034,3,0.2721025677375095,0.41071117715611305,0.010284822434186935,0.7964174151420593,29.129305374110118
Traffic_violations,LinearModel,63306,7034,3,0.27645027193709937,0.41551004064671415,0.009799094870686531,0.7917258739471436,27.63342412887141
Traffic_violations,NeuralNetFastAI,63306,7034,3,0.27545372737086793,0.41264184138769744,0.009713591076433659,0.7935740947723389,28.13327361899428
Traffic_violations,NeuralNetTorch,63306,7034,3,0.2889369325800963,0.4379220305666954,0.01050377357751131,0.7822007536888123,27.03568296111189
Traffic_violations,RandomForest,63306,7034,3,0.2735643096233236,0.4110332850713931,0.014204662293195724,0.7959908843040466,27.966419977135956
Traffic_violations,XGBoost,63306,7034,3,0.27289886406230757,0.40894326471379233,0.006894686259329319,0.7931475639343262,26.964970239903778
UMIST_Faces_Cropped,CatBoost,517,58,20,0.011816243767282873,0.02721403370317183,0.019466016441583633,1.0,2.8044235261622816
UMIST_Faces_Cropped,ExtraTrees,517,58,20,0.015898169971721384,0.044990457577341034,0.037249308079481125,1.0,3.0655545389745384
UMIST_Faces_Cropped,LightGBM,517,58,20,0.05403182899123609,0.21573335144834102,0.01986818015575409,0.9655172228813171,2.9455031359102577
UMIST_Faces_Cropped,LinearModel,517,58,20,0.048308823518481446,0.13940950752508532,0.027385106310248375,0.9655172228813171,2.906370926881209
UMIST_Faces_Cropped,NeuralNetFastAI,517,58,20,0.03385739309814883,0.21616071457456584,0.0020767655223608017,0.982758641242981,2.902925448026508
UMIST_Faces_Cropped,NeuralNetTorch,517,58,20,0.054505674277413,0.31656497081663804,0.05438864231109619,0.982758641242981,1.741785328136757
UMIST_Faces_Cropped,RandomForest,517,58,20,0.019990935161879806,0.05358500010066018,0.03428971767425537,0.982758641242981,3.181341830873862
UMIST_Faces_Cropped,XGBoost,517,58,20,0.07904510940727094,0.27600484636755973,0.04089570418000221,0.931034505367279,2.835818419000134
analcatdata_authorship,CatBoost,756,85,4,0.039377511729652405,0.05988931353685622,0.027763746678829193,0.9764705896377563,0.8783013680949807
analcatdata_authorship,ExtraTrees,756,85,4,0.032412049498301856,0.06319127214687943,0.03158160299062729,0.9764705896377563,0.7870799829252064
analcatdata_authorship,LightGBM,756,85,4,0.0257561137122828,0.08792117222767197,0.015212527476251125,0.9882352948188782,0.7656302240211517
analcatdata_authorship,LinearModel,756,85,4,0.024478181132880753,0.06657284379866196,0.013853279873728752,0.9882352948188782,0.7853057759348303
analcatdata_authorship,NeuralNetFastAI,756,85,4,0.020179224290143433,0.03767125064523266,0.0219044741243124,0.9882352948188782,0.46695657493546605
analcatdata_authorship,NeuralNetTorch,756,85,4,0.025363817688029755,0.047292086260165477,0.022513043135404587,0.9882352948188782,0.5487096989527345
analcatdata_authorship,RandomForest,756,85,4,0.04420157547924097,0.08667891688112132,0.026253651827573776,0.9764705896377563,0.712251289980486
analcatdata_authorship,XGBoost,756,85,4,0.014240074508832436,0.02514070525324615,0.018971551209688187,0.9882352948188782,0.7549757971428335
analcatdata_dmft,CatBoost,717,80,6,0.8133524112230862,1.728643888226444,0.037502024322748184,0.22499999403953552,0.5706285007763654
analcatdata_dmft,ExtraTrees,717,80,6,0.8143382214672688,1.7331379925401822,0.06725772470235825,0.26249998807907104,0.5992676028981805
analcatdata_dmft,LightGBM,717,80,6,0.8117278181675177,1.7261337844150213,0.026488402858376503,0.21250000596046448,0.5775472100358456
analcatdata_dmft,LinearModel,717,80,6,0.8138823467146213,1.7333428379575537,0.02862754464149475,0.21250000596046448,0.5545043658930808
analcatdata_dmft,NeuralNetFastAI,717,80,6,0.8172192720623667,1.7382622544240118,0.04529368877410889,0.17499999701976776,0.5651637618429959
analcatdata_dmft,NeuralNetTorch,717,80,6,0.8124712347243616,1.7301603808607653,0.05138672888278961,0.20000000298023224,0.563834919128567
analcatdata_dmft,RandomForest,717,80,6,0.8154405533357171,1.7340116654664253,0.014751375652849674,0.22499999403953552,0.5886091371066868
analcatdata_dmft,XGBoost,717,80,6,0.8089009663314544,1.7200512455862929,0.0834784060716629,0.30000001192092896,0.6535935769788921
artificial-characters,CatBoost,9196,1022,10,0.07460484551821935,0.17356257719217302,0.047795530408620834,0.9608610272407532,12.286161310970783
artificial-characters,ExtraTrees,9196,1022,10,0.07807517907697666,0.18670849158678998,0.010120970197021961,0.9559686779975891,10.364782206015661
artificial-characters,LightGBM,9196,1022,10,0.06249899564230255,0.1478244214948011,0.05549788102507591,0.9608610272407532,12.117472237208858
artificial-characters,LinearModel,9196,1022,10,0.7357346199471853,1.63385501082873,0.04048622027039528,0.359099805355072,11.571625511161983
artificial-characters,NeuralNetFastAI,9196,1022,10,0.35940702853821827,0.5987085323498657,0.03328409790992737,0.7045009732246399,10.368717876030132
artificial-characters,NeuralNetTorch,9196,1022,10,0.3472247524543802,0.587501459031182,0.033875878900289536,0.7152642011642456,10.476631741039455
artificial-characters,RandomForest,9196,1022,10,0.07624454959109882,0.17936522363369192,0.017633404582738876,0.9559686779975891,11.386531093157828
artificial-characters,XGBoost,9196,1022,10,0.07044774813077967,0.16405623107304493,0.04744986072182655,0.9647749662399292,11.590260386001319
autoUniv-au6-750,CatBoost,675,75,8,0.8404667843490738,1.9677664758519215,0.13253208994865417,0.25333333015441895,0.7792932351585478
autoUniv-au6-750,ExtraTrees,675,75,8,0.8365617635693129,1.9609221925993567,0.13858959078788757,0.2666666805744171,0.863169465912506
autoUniv-au6-750,LightGBM,675,75,8,0.8098479189261899,1.8893699576941962,0.15862277150154114,0.4000000059604645,0.829126866068691
autoUniv-au6-750,LinearModel,675,75,8,0.8517541583816651,1.9938627568461456,0.0316120907664299,0.2133333384990692,1.0499294879846275
autoUniv-au6-750,NeuralNetFastAI,675,75,8,0.8530807357901977,1.996820818531973,0.01686902344226837,0.2266666740179062,0.8177522411569953
autoUniv-au6-750,NeuralNetTorch,675,75,8,0.8532626302568933,1.9945883569599006,0.0116673419252038,0.2133333384990692,0.7523822980001569
autoUniv-au6-750,RandomForest,675,75,8,0.7809992252477991,1.8253906422182713,0.15230073034763336,0.4000000059604645,0.8127014990895987
autoUniv-au6-750,XGBoost,675,75,8,0.8123848463299148,1.9069933461411332,0.135527104139328,0.3733333349227905,0.7981285720597953
autoUniv-au7-1100,CatBoost,990,110,5,0.7203700479472849,1.380715789822342,0.11299088597297668,0.41818180680274963,0.6828112611547112
autoUniv-au7-1100,ExtraTrees,990,110,5,0.7447073103278254,1.4462005291145024,0.1364404857158661,0.4363636374473572,0.9100643622223288
autoUniv-au7-1100,LightGBM,990,110,5,0.7127998486169007,1.38039716745913,0.095063716173172,0.4000000059604645,0.6525981000158936
autoUniv-au7-1100,LinearModel,990,110,5,0.7629340474160025,1.507801037373887,0.12014294415712357,0.37272727489471436,0.643241856014356
autoUniv-au7-1100,NeuralNetFastAI,990,110,5,0.7391984747439974,1.4413826688245244,0.0672387033700943,0.37272727489471436,0.8395511629059911
autoUniv-au7-1100,NeuralNetTorch,990,110,5,0.7262530124210699,1.4062804042904398,0.05815836414694786,0.3636363744735718,0.89615897112526
autoUniv-au7-1100,RandomForest,990,110,5,0.710592058487116,1.3839357080948482,0.10792000591754913,0.41818180680274963,0.8447316728997976
autoUniv-au7-1100,XGBoost,990,110,5,0.7040659452170783,1.354479749518302,0.10801230370998383,0.4272727370262146,0.7022442121524364
autoUniv-au7-700,CatBoost,630,70,3,0.5723286706579026,0.9472250887189047,0.14393500983715057,0.4285714328289032,0.34723583701997995
autoUniv-au7-700,ExtraTrees,630,70,3,0.5529316159136239,0.9202175099319004,0.1538233458995819,0.4571428596973419,0.3624013171065599
autoUniv-au7-700,LightGBM,630,70,3,0.5323348545141223,0.8787905559295834,0.14055493474006653,0.48571428656578064,0.3640358760021627
autoUniv-au7-700,LinearModel,630,70,3,0.6712365157379875,1.1097440518142418,0.09571392834186554,0.41428571939468384,0.32532963692210615
autoUniv-au7-700,NeuralNetFastAI,630,70,3,0.6191118277558627,1.0319016506994092,0.07632729411125183,0.48571428656578064,0.3583561610430479
autoUniv-au7-700,NeuralNetTorch,630,70,3,0.628865230515155,1.0411471389857143,0.09417329728603363,0.4571428596973419,0.34538449998945
autoUniv-au7-700,RandomForest,630,70,3,0.5388254715914955,0.8863464884996396,0.1328091025352478,0.5142857432365417,0.41278397920541465
autoUniv-au7-700,XGBoost,630,70,3,0.5482865911439144,0.9113544402273166,0.08930151909589767,0.5,0.39189967093989253
balance-scale,CatBoost,562,63,3,0.04244697445752933,0.09669483658843657,0.06167711317539215,0.9682539701461792,0.5195587701164186
balance-scale,ExtraTrees,562,63,3,0.13339920593976656,0.2795603527569983,0.1290522962808609,0.8888888955116272,0.6058746508788317
balance-scale,LightGBM,562,63,3,0.0575099667755284,0.10442899138093983,0.04160616174340248,0.9682539701461792,0.6419662539847195
balance-scale,LinearModel,562,63,3,0.07555613437109804,0.14346270400918085,0.035988762974739075,0.9523809552192688,0.6480736730154604
balance-scale,NeuralNetFastAI,562,63,3,0.013677110305097762,0.027919294046679873,0.0217962134629488,1.0,0.4757899751421064
balance-scale,NeuralNetTorch,562,63,3,0.0017443805048683151,0.004389606680414635,0.0038516372442245483,1.0,0.5123476730659604
balance-scale,RandomForest,562,63,3,0.12677519906053353,0.2555307460890636,0.10298482328653336,0.9047619104385376,0.6853931951336563
balance-scale,XGBoost,562,63,3,0.03682592979239905,0.0828798570036151,0.04677209630608559,0.9841269850730896,0.5991787009406835
baseball,CatBoost,1206,134,3,0.07276047342370061,0.1454406814277808,0.04693010821938515,0.9552238583564758,0.6524179468397051
baseball,ExtraTrees,1206,134,3,0.07267058061695364,0.14721652171475028,0.04287374019622803,0.9626865386962891,0.6493936290498823
baseball,LightGBM,1206,134,3,0.07410075886193765,0.14233330568669045,0.02509930357336998,0.9477611780166626,0.7278651588130742
baseball,LinearModel,1206,134,3,0.08112536576296736,0.15454782444635176,0.031467899680137634,0.9552238583564758,0.8811143708880991
baseball,NeuralNetFastAI,1206,134,3,0.07309317566802988,0.1368242599679915,0.04064333811402321,0.9477611780166626,0.7925931760109961
baseball,NeuralNetTorch,1206,134,3,0.0789409809532944,0.15187453476340196,0.031082531437277794,0.9402984976768494,0.9025307609699667
baseball,RandomForest,1206,134,3,0.07501607849230729,0.15217293085730724,0.03201519325375557,0.9626865386962891,0.6671926619019359
baseball,XGBoost,1206,134,3,0.07364794672210138,0.14573145880256974,0.047028012573719025,0.9477611780166626,0.6132501610554755
car,CatBoost,1555,173,4,0.0008871751019324556,0.0038584935073111984,0.0036127427592873573,1.0,1.1520067329984158
car,ExtraTrees,1555,173,4,0.014551376024725178,0.03635141754717241,0.016696061939001083,0.9884393215179443,0.861080237897113
car,LightGBM,1555,173,4,1.7314641764167325e-05,0.00043354935605829654,0.0004290342330932617,1.0,0.9704761800821871
car,LinearModel,1555,173,4,0.08405474864837185,0.1309420108514302,0.04899679124355316,0.913294792175293,1.0771908781025559
car,NeuralNetFastAI,1555,173,4,0.00014680515751549692,0.0010808392184683544,0.001037486712448299,1.0,1.0759447310119867
car,NeuralNetTorch,1555,173,4,0.00014164629405026007,0.0008795835311335047,0.0008408192661590874,1.0,0.9950038131792098
car,RandomForest,1555,173,4,0.030082864963254206,0.05399166549750199,0.021530931815505028,0.9826589822769165,0.9633826240897179
car,XGBoost,1555,173,4,8.078668915049735e-05,0.0009093738108225661,0.0008881849935278296,1.0,1.059521660907194
cardiotocography,CatBoost,1913,213,10,2.2243405387997677e-10,7.432807015494049e-06,6.377696990966797e-06,1.0,2.81173930503428
cardiotocography,ExtraTrees,1913,213,10,6.007203577078271e-12,2.140628764918615e-06,9.5367431640625e-07,1.0,1.4848271699156612
cardiotocography,LightGBM,1913,213,10,2.2266801688866843e-11,3.6456984931832493e-06,2.86102294921875e-06,1.0,2.7124597341753542
cardiotocography,LinearModel,1913,213,10,1.0799090124485601e-10,4.408222889667702e-06,3.6954879760742188e-06,1.0,2.8136920330580324
cardiotocography,NeuralNetFastAI,1913,213,10,0.00013339772704057395,0.0006055942503735423,0.0005684078205376863,1.0,0.00041347905062139034
cardiotocography,NeuralNetTorch,1913,213,10,9.994948662120362e-13,1.0213937002845341e-06,5.960464477539063e-08,1.0,0.0003934719134122133
cardiotocography,RandomForest,1913,213,10,6.361769109035186e-08,1.7938840181872615e-05,1.7523765563964844e-05,1.0,1.5559963989071548
cardiotocography,XGBoost,1913,213,10,1.2330172318606831e-08,6.430769637911557e-05,6.473064422607422e-05,1.0,2.5515513990540057
cmc,CatBoost,1325,148,3,0.49823580083890223,0.8453726936667705,0.0993054211139679,0.5945945978164673,0.4934867850970477
cmc,ExtraTrees,1325,148,3,0.5080733943456451,0.862963169935878,0.09964457154273987,0.587837815284729,0.47119633783586323
cmc,LightGBM,1325,148,3,0.520863191242675,0.8790772306296091,0.06897749751806259,0.5337837934494019,0.49449201207607985
cmc,LinearModel,1325,148,3,0.5217891997948291,0.8720286781458136,0.09418395906686783,0.6216216087341309,0.6482178140431643
cmc,NeuralNetFastAI,1325,148,3,0.49964533403236705,0.8397080777357001,0.078165203332901,0.6148648858070374,0.7841445209924132
cmc,NeuralNetTorch,1325,148,3,0.5023154123296296,0.8492094680928906,0.09790802747011185,0.6418918967247009,0.6752791251055896
cmc,RandomForest,1325,148,3,0.5048944706601926,0.8488647505450853,0.09556089341640472,0.5743243098258972,0.6050427039153874
cmc,XGBoost,1325,148,3,0.5017135254765467,0.849783930475847,0.11685337871313095,0.6081081032752991,0.5711740190163255
cnae-9,CatBoost,972,108,9,0.0698874503923829,0.17157643171040643,0.05159735679626465,0.9537037014961243,2.140001894906163
cnae-9,ExtraTrees,972,108,9,0.06643956310365076,0.16606290234464172,0.05802422761917114,0.9629629850387573,1.7804147889837623
cnae-9,LightGBM,972,108,9,0.0514911307367892,0.12126117786910563,0.039224773645401,0.9629629850387573,2.0837270990014076
cnae-9,LinearModel,972,108,9,0.06670774489648032,0.14804924561897104,0.03967158868908882,0.9537037014961243,2.1871225251816213
cnae-9,NeuralNetFastAI,972,108,9,0.049910129544924506,0.10564687608805645,0.0538170225918293,0.9629629850387573,2.058800109894946
cnae-9,NeuralNetTorch,972,108,9,0.05473819415407962,0.12622985664763445,0.041671931743621826,0.9629629850387573,2.3021393241360784
cnae-9,RandomForest,972,108,9,0.07364369030360292,0.1874788533916261,0.0698496624827385,0.9629629850387573,1.7082596509717405
cnae-9,XGBoost,972,108,9,0.08267821581900897,0.18297481389308565,0.03445691242814064,0.9351851940155029,2.017937240190804
collins,CatBoost,900,100,30,0.8055021213388384,2.1064167219113177,0.06057130917906761,0.30000001192092896,5.624156094156206
collins,ExtraTrees,900,100,30,0.8446471027437414,2.249357962352678,0.06758494675159454,0.20999999344348907,6.720069244969636
collins,LightGBM,900,100,30,0.8104754687233722,2.125998382141132,0.09095491468906403,0.3199999928474426,5.419052344979718
collins,LinearModel,900,100,30,0.8073957656987928,2.1873070660630356,0.09679461270570755,0.3400000035762787,8.223847379907966
collins,NeuralNetFastAI,900,100,30,0.8069503217890167,2.140273349680699,0.10488805919885635,0.33000001311302185,6.722313829930499
collins,NeuralNetTorch,900,100,30,0.7824876988307315,2.054484606606752,0.09529878199100494,0.3199999928474426,6.481097611133009
collins,RandomForest,900,100,30,0.8349880843591868,2.232348047713627,0.0661332905292511,0.25999999046325684,6.729860657127574
collins,XGBoost,900,100,30,0.8297564775954069,2.248151378072489,0.10001223534345627,0.28999999165534973,4.667417513905093
connect-4,CatBoost,60801,6756,3,0.17779605912753393,0.31932750621940825,0.013139447197318077,0.875074028968811,28.109976352890953
connect-4,ExtraTrees,60801,6756,3,0.2510604289115582,0.4539263508508737,0.016242871060967445,0.8223801255226135,26.187494998099282
connect-4,LightGBM,60801,6756,3,0.17794311475020966,0.3203572926941092,0.01610715501010418,0.8734458088874817,29.45469819311984
connect-4,LinearModel,60801,6756,3,0.334717463882423,0.5945809050458565,0.011467144824564457,0.758436918258667,19.08477833797224
connect-4,NeuralNetFastAI,60801,6756,3,0.16708841852562026,0.3000931260036859,0.019095025956630707,0.8836589455604553,27.3283947580494
connect-4,NeuralNetTorch,60801,6756,3,0.1752954486570006,0.3138257106115094,0.022264664992690086,0.8765541911125183,30.615332586923614
connect-4,RandomForest,60801,6756,3,0.26134945300633683,0.47359932463259047,0.016694948077201843,0.815423309803009,15.50932047702372
connect-4,XGBoost,60801,6756,3,0.1786919585290007,0.32094860127170327,0.01504433061927557,0.8728537559509277,29.395266610896215
dilbert,CatBoost,9000,1000,5,0.024439316300314817,0.047796535350003784,0.007832732982933521,0.9819999933242798,4.783606436103582
dilbert,ExtraTrees,9000,1000,5,0.03824095062035612,0.07563151127921182,0.012812699191272259,0.9739999771118164,4.6179147840011865
dilbert,LightGBM,9000,1000,5,0.011455653323658603,0.022457101062576888,0.006084025371819735,0.9909999966621399,5.56410154979676
dilbert,LinearModel,9000,1000,5,0.09132399739015133,0.16880030667722123,0.02497309446334839,0.9380000233650208,7.518610304920003
dilbert,NeuralNetFastAI,9000,1000,5,0.019828047737952353,0.03878431198711683,0.014893398620188236,0.9869999885559082,5.654246758902445
dilbert,NeuralNetTorch,9000,1000,5,0.012997062159751254,0.029285623745644387,0.013476948253810406,0.9919999837875366,5.55372386588715
dilbert,RandomForest,9000,1000,5,0.06627787543766059,0.1250076382970533,0.015062385238707066,0.9580000042915344,5.060133463004604
dilbert,XGBoost,9000,1000,5,0.020559181867356918,0.041474459489530234,0.007096287794411182,0.9869999885559082,5.3364831251092255
dna,CatBoost,2867,319,3,0.06207824462166521,0.11676540357217509,0.018911873921751976,0.9655172228813171,1.7096699480898678
dna,ExtraTrees,2867,319,3,0.08010498145215063,0.15694590534614042,0.03233697637915611,0.9529780745506287,1.6943675139918923
dna,LightGBM,2867,319,3,0.0630022141824173,0.11849772303641458,0.0221493449062109,0.9529780745506287,1.7864493899978697
dna,LinearModel,2867,319,3,0.12022233065138906,0.22372811914265756,0.03475958853960037,0.931034505367279,2.59638867713511
dna,NeuralNetFastAI,2867,319,3,0.08213839206669782,0.15562233524401967,0.013942454941570759,0.9467084407806396,2.1055509401485324
dna,NeuralNetTorch,2867,319,3,0.08136085321647527,0.15006908795422708,0.014741860330104828,0.9498432874679565,1.7784967781044543
dna,RandomForest,2867,319,3,0.08955512100612485,0.16920529589598046,0.016498669981956482,0.9404388666152954,1.6351029521320015
dna,XGBoost,2867,319,3,0.06145268752533329,0.11762192730311519,0.019767915830016136,0.962382435798645,1.8413022379390895
eucalyptus,CatBoost,662,74,5,0.40771651487826954,0.6910442410635682,0.07906652987003326,0.6756756901741028,0.9928178191184998
eucalyptus,ExtraTrees,662,74,5,0.3730563995220896,0.6495752643733619,0.10106303542852402,0.6756756901741028,1.1274969321675599
eucalyptus,LightGBM,662,74,5,0.36932980113319874,0.6367877972781661,0.1596432477235794,0.6756756901741028,1.123144299024716
eucalyptus,LinearModel,662,74,5,0.4317081127719356,0.735529813995374,0.04992068558931351,0.6486486196517944,0.9848438380286098
eucalyptus,NeuralNetFastAI,662,74,5,0.40321383028455154,0.6511607053064662,0.126095712184906,0.6756756901741028,1.1358100159559399
eucalyptus,NeuralNetTorch,662,74,5,0.41764689472296446,0.6616585315535546,0.09588885307312012,0.662162184715271,0.9383455319330096
eucalyptus,RandomForest,662,74,5,0.3973021357171172,0.6775965615928128,0.1384657770395279,0.662162184715271,0.998950086068362
eucalyptus,XGBoost,662,74,5,0.41549884558043576,0.7200243393966647,0.11365912854671478,0.6756756901741028,1.0343451518565416
eye_movements,CatBoost,9842,1094,3,0.35231430000002373,0.5949745807008222,0.029720041900873184,0.7358317971229553,3.050461629172787
eye_movements,ExtraTrees,9842,1094,3,0.3174923700713028,0.545375705662208,0.045332733541727066,0.7806215882301331,2.788496343884617
eye_movements,LightGBM,9842,1094,3,0.2795011015239912,0.48666353186231837,0.03115823306143284,0.809872031211853,3.8378117959946394
eye_movements,LinearModel,9842,1094,3,0.563542671761271,0.9172850149094826,0.02715379372239113,0.515539288520813,2.096979547990486
eye_movements,NeuralNetFastAI,9842,1094,3,0.43324108627587704,0.7212322902560689,0.048489220440387726,0.6755027174949646,3.1517663500271738
eye_movements,NeuralNetTorch,9842,1094,3,0.41611124678821493,0.6944178877654921,0.06041116639971733,0.688299834728241,3.5663360750768334
eye_movements,RandomForest,9842,1094,3,0.3780644469855373,0.63661947625339,0.018774809315800667,0.7175502777099609,3.6573544880375266
eye_movements,XGBoost,9842,1094,3,0.31786406372895004,0.5453364774542127,0.028228571638464928,0.7705667018890381,3.3759773371275514
fabert,CatBoost,7413,824,7,0.34890510680347975,0.7061049418526119,0.04422447830438614,0.737864077091217,5.834350497927517
fabert,ExtraTrees,7413,824,7,0.3691613275155844,0.7286506061411131,0.05708236247301102,0.7063106894493103,6.530983107862994
fabert,LightGBM,7413,824,7,0.35441898934983873,0.7035079468406492,0.04490520432591438,0.7184466123580933,5.2777838439214975
fabert,LinearModel,7413,824,7,0.4797319993122552,1.0002045283530008,0.08397504687309265,0.637135922908783,7.43834087299183
fabert,NeuralNetFastAI,7413,824,7,0.3845451251698253,0.7802346403934541,0.030916042625904083,0.7063106894493103,6.616578557062894
fabert,NeuralNetTorch,7413,824,7,0.4135757159551026,0.8381125425309731,0.07895517349243164,0.7014563083648682,7.075155847007409
fabert,RandomForest,7413,824,7,0.3801488116021428,0.760454492812415,0.04392620176076889,0.7038834691047668,6.982119977008551
fabert,XGBoost,7413,824,7,0.3577152932153402,0.7369549417677144,0.03350992500782013,0.7281553149223328,6.358385231113061
first-order-theorem-proving,CatBoost,5506,612,6,0.5061715997850937,1.0392132688881055,0.07570978254079819,0.6241829991340637,2.9989676370751113
first-order-theorem-proving,ExtraTrees,5506,612,6,0.5105492823992969,1.0490334010258613,0.04655603691935539,0.6078431606292725,5.294326270930469
first-order-theorem-proving,LightGBM,5506,612,6,0.5111412004737884,1.0541796088967736,0.05292687565088272,0.6160130500793457,3.3053544519934803
first-order-theorem-proving,LinearModel,5506,612,6,0.6464664941447574,1.3705042354252208,0.03791578859090805,0.48856207728385925,3.4840222680941224
first-order-theorem-proving,NeuralNetFastAI,5506,612,6,0.5584628183312221,1.160298191642686,0.0620916523039341,0.5686274766921997,4.333224243018776
first-order-theorem-proving,NeuralNetTorch,5506,612,6,0.542178137295608,1.1201339428392996,0.04819640517234802,0.5751634240150452,4.120736401993781
first-order-theorem-proving,RandomForest,5506,612,6,0.5097957523050157,1.0511596242596006,0.04662344977259636,0.6062091588973999,5.346198729937896
first-order-theorem-proving,XGBoost,5506,612,6,0.5042723451083991,1.039367105544626,0.036191750317811966,0.6160130500793457,3.1885069629643112
har,CatBoost,9269,1030,6,0.004319950838593775,0.008136590191611396,0.006372714880853891,0.9961165189743042,6.37284688395448
har,ExtraTrees,9269,1030,6,0.01864355347686909,0.03217056561618307,0.006247684825211763,0.9883494973182678,5.269821597961709
har,LightGBM,9269,1030,6,0.002125584822379007,0.00465057639444225,0.003931435756385326,1.0,5.699164480203763
har,LinearModel,9269,1030,6,0.014986334847465465,0.0277433129324329,0.007884470745921135,0.9893203973770142,6.96870883111842
har,NeuralNetFastAI,9269,1030,6,0.007024440969513013,0.015095616853738506,0.008404955267906189,0.9970873594284058,6.885951822856441
har,NeuralNetTorch,9269,1030,6,0.007291052299284732,0.013219604341059633,0.005215879064053297,0.9961165189743042,7.09792427578941
har,RandomForest,9269,1030,6,0.028730818232098172,0.05155760070287226,0.011011816561222076,0.9815533757209778,5.2057718930300325
har,XGBoost,9269,1030,6,0.004679374226176547,0.008678911270354727,0.005634806584566832,0.9980582594871521,6.339734029024839
isolet,CatBoost,7017,780,26,0.06918969259685241,0.12865505178418266,0.01732487790286541,0.9487179517745972,20.982389939948916
isolet,ExtraTrees,7017,780,26,0.0861175154137281,0.18296660875956677,0.02748141810297966,0.9384615421295166,17.502735360059887
isolet,LightGBM,7017,780,26,0.05160491138809609,0.10868803409733431,0.016341708600521088,0.9653846025466919,21.737684719963
isolet,LinearModel,7017,780,26,0.05817392339349465,0.1294554891877435,0.017332464456558228,0.9679487347602844,21.322182338917628
isolet,NeuralNetFastAI,7017,780,26,0.044354670465882096,0.08710196786583956,0.014996583573520184,0.9679487347602844,21.381371417082846
isolet,NeuralNetTorch,7017,780,26,0.05569161965795862,0.12392489026240493,0.019774844869971275,0.9705128073692322,21.32004223484546
isolet,RandomForest,7017,780,26,0.10695159277034692,0.2394883533432331,0.04207964986562729,0.9192307591438293,17.49819514201954
isolet,XGBoost,7017,780,26,0.06126586927379679,0.1359341399327973,0.014934590086340904,0.9538461565971375,21.194595586974174
jungle_chess_2pcs_raw_endgame_complete,CatBoost,40337,4482,3,0.1526799895067147,0.23002396527589397,0.012544759549200535,0.86479252576828,20.89111287589185
jungle_chess_2pcs_raw_endgame_complete,ExtraTrees,40337,4482,3,0.17238388780644956,0.2710409573673904,0.020417720079421997,0.8596608638763428,18.810159552143887
jungle_chess_2pcs_raw_endgame_complete,LightGBM,40337,4482,3,0.13123282925451635,0.19612990754930196,0.017503462731838226,0.8884426355361938,19.020604067016393
jungle_chess_2pcs_raw_endgame_complete,LinearModel,40337,4482,3,0.4260235935451787,0.7158329185230281,0.01577570289373398,0.6822847127914429,8.944833976915106
jungle_chess_2pcs_raw_endgame_complete,NeuralNetFastAI,40337,4482,3,0.10297364875237633,0.15210366919069157,0.016904443502426147,0.9065149426460266,15.121755043976009
jungle_chess_2pcs_raw_endgame_complete,NeuralNetTorch,40337,4482,3,0.02344229788130275,0.041894802101901295,0.013453110121190548,0.9857206344604492,15.323188911890611
jungle_chess_2pcs_raw_endgame_complete,RandomForest,40337,4482,3,0.17675925876040569,0.27893920708114306,0.019357483834028244,0.8594377636909485,19.65251653897576
jungle_chess_2pcs_raw_endgame_complete,XGBoost,40337,4482,3,0.1305545392557597,0.19298529375248222,0.012724880129098892,0.8886657953262329,19.23807936394587
kr-vs-k,CatBoost,25250,2806,18,0.12955844606279684,0.2624677579492054,0.026311008259654045,0.9176763892173767,38.91796931694262
kr-vs-k,ExtraTrees,25250,2806,18,0.17588670134408652,0.38034332905420964,0.041043125092983246,0.883463978767395,35.93856414500624
kr-vs-k,LightGBM,25250,2806,18,0.11628936988160979,0.2387469482824866,0.03534311428666115,0.927655041217804,41.96287437202409
kr-vs-k,LinearModel,25250,2806,18,0.7863794573233011,1.8228490044352135,0.023970821872353554,0.3431931436061859,38.43813921301626
kr-vs-k,NeuralNetFastAI,25250,2806,18,0.15807733167070234,0.2919809369885092,0.04599098861217499,0.8945117592811584,35.92582074482925
kr-vs-k,NeuralNetTorch,25250,2806,18,0.11481193913388589,0.21459914193676372,0.048410188406705856,0.9237348437309265,40.38245099084452
kr-vs-k,RandomForest,25250,2806,18,0.16286052218432692,0.3590113677231196,0.03678521141409874,0.890235185623169,39.64690155303106
kr-vs-k,XGBoost,25250,2806,18,0.1159085637371562,0.23045174180930622,0.029102589935064316,0.9297932982444763,38.20592286600731
led24,CatBoost,2880,320,10,0.4009511183572765,0.8334157884815736,0.06006018817424774,0.7093750238418579,4.101118260994554
led24,ExtraTrees,2880,320,10,0.4028308524130978,0.8366949971273232,0.0482143834233284,0.706250011920929,4.983268836978823
led24,LightGBM,2880,320,10,0.40445884565358126,0.8535975911960728,0.04974375665187836,0.7124999761581421,4.66537118004635
led24,LinearModel,2880,320,10,0.39706964910109316,0.8249782470584762,0.04927349090576172,0.706250011920929,5.261162173002958
led24,NeuralNetFastAI,2880,320,10,0.3827984313132829,0.8022322469557028,0.05953998863697052,0.731249988079071,4.873561356915161
led24,NeuralNetTorch,2880,320,10,0.3876005647458653,0.8038779413927145,0.07191512733697891,0.731249988079071,4.2450218291487545
led24,RandomForest,2880,320,10,0.4012747526190699,0.8315340839088032,0.04551422968506813,0.7124999761581421,5.034901239909232
led24,XGBoost,2880,320,10,0.4030124877216593,0.8548638978724913,0.04537029191851616,0.71875,4.273829011013731
letter,CatBoost,18000,2000,26,0.03334451090805058,0.07196443265397925,0.00780428946018219,0.9794999957084656,46.652119925944135
letter,ExtraTrees,18000,2000,26,0.04355974654015807,0.08861616950878731,0.01480094064027071,0.9735000133514404,38.685742737026885
letter,LightGBM,18000,2000,26,0.03495454503620505,0.07652288241659132,0.010068236850202084,0.9779999852180481,47.382466468028724
letter,LinearModel,18000,2000,26,0.29617232723454634,0.7522060042392572,0.040242187678813934,0.8009999990463257,48.806601722957566
letter,NeuralNetFastAI,18000,2000,26,0.01997447444679887,0.04355603865099823,0.009516522288322449,0.9869999885559082,44.05400355695747
letter,NeuralNetTorch,18000,2000,26,0.021320414284849796,0.04239665481988717,0.008937466889619827,0.984499990940094,43.75049961800687
letter,RandomForest,18000,2000,26,0.055479944681400335,0.122514205704371,0.026955515146255493,0.9679999947547913,39.389522324781865
letter,XGBoost,18000,2000,26,0.03771680938619961,0.0811891254216527,0.008394031785428524,0.9764999747276306,46.459322476992384
mfeat-factors,CatBoost,1800,200,10,0.04195330894566708,0.10541271322590423,0.020407957956194878,0.9800000190734863,3.3867846780922264
mfeat-factors,ExtraTrees,1800,200,10,0.04925576516471418,0.11695126262076204,0.025908280164003372,0.9700000286102295,2.8477662461809814
mfeat-factors,LightGBM,1800,200,10,0.04222204612667649,0.11179419130676309,0.019602246582508087,0.9800000190734863,3.53759537008591
mfeat-factors,LinearModel,1800,200,10,0.03289313398115526,0.0857212627628384,0.020187053829431534,0.9800000190734863,3.399075557012111
mfeat-factors,NeuralNetFastAI,1800,200,10,0.029400033558874706,0.05451206867816845,0.02593018114566803,0.9750000238418579,3.4351088479161263
mfeat-factors,NeuralNetTorch,1800,200,10,0.029768370906739276,0.07162677404228807,0.013531587086617947,0.9850000143051147,3.2603795318864286
mfeat-factors,RandomForest,1800,200,10,0.05359773941509907,0.12351100924604612,0.034483227878808975,0.9750000238418579,2.8966237329877913
mfeat-factors,XGBoost,1800,200,10,0.044440068808880885,0.10580907692688574,0.02019200474023819,0.9750000238418579,3.3410588370170444
micro-mass,CatBoost,513,58,20,0.06152532975516312,0.11665585893952175,0.06446152180433273,0.9655172228813171,3.1630992891732603
micro-mass,ExtraTrees,513,58,20,0.09276824540418084,0.1856352248294008,0.11075637489557266,0.9655172228813171,3.2121036329772323
micro-mass,LightGBM,513,58,20,0.09556513377581052,0.16020108642754793,0.0380159467458725,0.931034505367279,3.1904299231246114
micro-mass,LinearModel,513,58,20,0.08694605786862532,0.16845086170337556,0.04494718462228775,0.9482758641242981,3.156531295971945
micro-mass,NeuralNetFastAI,513,58,20,0.20154643924863308,0.4141966650166458,0.0884515792131424,0.8620689511299133,3.354190936079249
micro-mass,NeuralNetTorch,513,58,20,0.07124493343982731,0.2100799240144639,0.05578453093767166,0.9482758641242981,3.05546220112592
micro-mass,RandomForest,513,58,20,0.10850637371017645,0.21033336653163276,0.09014879912137985,0.931034505367279,3.1129475869238377
micro-mass,XGBoost,513,58,20,0.11601233423309006,0.23546725350355557,0.06894157826900482,0.9137930870056152,3.1097798850387335
microaggregation2,CatBoost,18000,2000,5,0.4811992398140412,0.9039382528695719,0.019581150263547897,0.6384999752044678,7.341073229908943
microaggregation2,ExtraTrees,18000,2000,5,0.4915418733688971,0.9313754163485822,0.02057521604001522,0.6290000081062317,8.822950826957822
microaggregation2,LightGBM,18000,2000,5,0.4773332209969417,0.894988055239503,0.024312295019626617,0.6399999856948853,7.0041075381450355
microaggregation2,LinearModel,18000,2000,5,0.5515681556994328,1.0400222284885559,0.01593596674501896,0.5830000042915344,6.524629342136905
microaggregation2,NeuralNetFastAI,18000,2000,5,0.4569463917842172,0.856814426986887,0.019357146695256233,0.6535000205039978,9.17248422303237
microaggregation2,NeuralNetTorch,18000,2000,5,0.46580694249478066,0.872420229745477,0.022714536637067795,0.6439999938011169,7.795287925051525
microaggregation2,RandomForest,18000,2000,5,0.4937937627190441,0.9353782396537637,0.018075361847877502,0.6320000290870667,8.73864817013964
microaggregation2,XGBoost,18000,2000,5,0.480084444770365,0.9014772862844733,0.02147148922085762,0.6324999928474426,7.162508909823373
okcupid-stem,CatBoost,45710,5079,3,0.3358446030907187,0.5625106401423322,0.009808532893657684,0.7621579170227051,10.223698334069923
okcupid-stem,ExtraTrees,45710,5079,3,0.35490423641091556,0.590172664035711,0.011279283091425896,0.7452254295349121,10.024362602969632
okcupid-stem,LightGBM,45710,5079,3,0.3388977685905476,0.5649330899864085,0.015893077477812767,0.7597952485084534,9.69428710383363
okcupid-stem,LinearModel,45710,5079,3,0.34446793601602405,0.575020831219812,0.016655806452035904,0.7544792294502258,10.549979659030214
okcupid-stem,NeuralNetFastAI,45710,5079,3,0.3422535922205361,0.5702952918587146,0.016164127737283707,0.7592045664787292,9.596787677844986
okcupid-stem,NeuralNetTorch,45710,5079,3,0.3370963650913366,0.5633027552612665,0.011159837245941162,0.7631423473358154,9.325538486009464
okcupid-stem,RandomForest,45710,5079,3,0.3541753613487918,0.5890689332849282,0.010916619561612606,0.7466036677360535,9.39875181694515
okcupid-stem,XGBoost,45710,5079,3,0.338738415329394,0.5651804323022055,0.010982443578541279,0.7601889967918396,9.64691282901913
optdigits,CatBoost,5058,562,10,0.022369819542667306,0.054420635352046894,0.00740114226937294,0.9857650995254517,6.760120422113687
optdigits,ExtraTrees,5058,562,10,0.02396945320970383,0.05645024240075138,0.00672623747959733,0.9839857816696167,5.673714983975515
optdigits,LightGBM,5058,562,10,0.018063802899935946,0.04469192186121955,0.0073936409316957,0.9911032319068909,6.71338805090636
optdigits,LinearModel,5058,562,10,0.052950975851049874,0.09617520318168264,0.008255800232291222,0.9661921858787537,7.271304720081389
optdigits,NeuralNetFastAI,5058,562,10,0.019305358237620144,0.03983633283977436,0.007084513548761606,0.9911032319068909,6.999199781799689
optdigits,NeuralNetTorch,5058,562,10,0.014106637890596536,0.032677111628540416,0.010307913646101952,0.9928825497627258,6.660386238945648
optdigits,RandomForest,5058,562,10,0.040763283557800824,0.08045990264546476,0.012623717077076435,0.9715302586555481,5.749007323058322
optdigits,XGBoost,5058,562,10,0.02908521562942292,0.05985117387039058,0.01256633922457695,0.9804270267486572,7.132276127114892
page-blocks,CatBoost,4925,548,5,0.04383794721952845,0.09223573427692346,0.0127950981259346,0.970802903175354,2.821578138973564
page-blocks,ExtraTrees,4925,548,5,0.04353022294819148,0.09988920253052125,0.008457239717245102,0.9689781069755554,3.094406238058582
page-blocks,LightGBM,4925,548,5,0.04210831301950907,0.08722696229532446,0.01465541310608387,0.9689781069755554,2.8402143761049956
page-blocks,LinearModel,4925,548,5,0.04561245939831483,0.10146828784858206,0.018595827743411064,0.9689781069755554,3.081114524975419
page-blocks,NeuralNetFastAI,4925,548,5,0.05088567512154158,0.10556179066958106,0.015213129110634327,0.9671533107757568,3.160371921956539
page-blocks,NeuralNetTorch,4925,548,5,0.03664099547666329,0.0892466441970011,0.012739467434585094,0.9762773513793945,2.9338248800486326
page-blocks,RandomForest,4925,548,5,0.040924682536969736,0.08906688169174855,0.009398357942700386,0.970802903175354,3.017530166078359
page-blocks,XGBoost,4925,548,5,0.040762887054306134,0.08927813963031972,0.008250300772488117,0.9762773513793945,2.466773411957547
pendigits,CatBoost,9892,1100,10,0.0049234269161793215,0.011119557533230483,0.006782869808375835,0.996363639831543,10.801416555186734
pendigits,ExtraTrees,9892,1100,10,0.008873758483971901,0.017859324613405992,0.006010852754116058,0.9945454597473145,9.335951373213902
pendigits,LightGBM,9892,1100,10,0.007866132385244792,0.017361241919952267,0.008052387274801731,0.9945454597473145,11.601605013944209
pendigits,LinearModel,9892,1100,10,0.06874881298682589,0.14505250083161833,0.01361182238906622,0.9590908885002136,12.03181654214859
pendigits,NeuralNetFastAI,9892,1100,10,0.004897557963195047,0.012115985882634097,0.0034630740992724895,0.9981818199157715,10.202665782999247
pendigits,NeuralNetTorch,9892,1100,10,0.003950874911294539,0.009225853951517461,0.00505203939974308,0.9972727298736572,11.171892476966605
pendigits,RandomForest,9892,1100,10,0.015409543176897748,0.028691662594802533,0.00667218305170536,0.9909090995788574,9.371162378927693
pendigits,XGBoost,9892,1100,10,0.010984397538073157,0.02245573099378233,0.007935603149235249,0.9936363697052002,10.836747841909528
robert,CatBoost,9000,1000,10,0.593931212070069,1.30902802201355,0.050511449575424194,0.5450000166893005,7.95265752193518
robert,ExtraTrees,9000,1000,10,0.6689939804616458,1.5353038463789352,0.07318590581417084,0.4690000116825104,9.63825380592607
robert,LightGBM,9000,1000,10,0.5709449544049746,1.2561069429469858,0.030496271327137947,0.5569999814033508,9.342571183107793
robert,LinearModel,9000,1000,10,0.7800918219845565,1.8534139103184037,0.0928327888250351,0.3709999918937683,10.877371983835474
robert,NeuralNetFastAI,9000,1000,10,0.6576520839075496,1.4768079658242241,0.045044347643852234,0.4740000069141388,9.276780802989379
robert,NeuralNetTorch,9000,1000,10,0.6512124287843815,1.4747396837801847,0.054991815239191055,0.49300000071525574,7.764067117124796
robert,RandomForest,9000,1000,10,0.6741073125035195,1.5508325091949495,0.050111737102270126,0.4650000035762787,9.732453800970688
robert,XGBoost,9000,1000,10,0.6078348754820514,1.3461810142325739,0.052801210433244705,0.5210000276565552,7.130912445951253
satimage,CatBoost,5787,643,6,0.11722966297148245,0.2097508103687709,0.020553013309836388,0.9129082560539246,5.00792561005801
satimage,ExtraTrees,5787,643,6,0.1192712645294861,0.2114384872277225,0.017831692472100258,0.9097978472709656,4.373810052173212
satimage,LightGBM,5787,643,6,0.11943611829917603,0.21051133166565794,0.02137579396367073,0.9191290736198425,4.939587908098474
satimage,LinearModel,5787,643,6,0.1865393075198396,0.3324514799054745,0.03467362001538277,0.8569206595420837,5.753701308043674
satimage,NeuralNetFastAI,5787,643,6,0.10922624721167559,0.18597856941269497,0.02546452358365059,0.9222394824028015,4.653249845141545
satimage,NeuralNetTorch,5787,643,6,0.11354581834860775,0.19393205143065012,0.019579395651817322,0.9191290736198425,5.239954778924584
satimage,RandomForest,5787,643,6,0.12319961058088844,0.2204733716602936,0.01951984129846096,0.9191290736198425,4.6542507850099355
satimage,XGBoost,5787,643,6,0.11548210453721547,0.2200621527236747,0.018482116982340813,0.9253499507904053,4.916571123991162
segment,CatBoost,2079,231,7,0.029963192276104562,0.07274992835173962,0.02383558638393879,0.9870129823684692,2.578274028142914
segment,ExtraTrees,2079,231,7,0.029049986839681616,0.0778617438687934,0.018116995692253113,0.9783549904823303,2.1836781720630825
segment,LightGBM,2079,231,7,0.0395184257586226,0.08735625919760648,0.016833774745464325,0.9783549904823303,2.6701393430121243
segment,LinearModel,2079,231,7,0.04438084350973807,0.09424785016954343,0.03333766385912895,0.9740259647369385,2.934061961947009
segment,NeuralNetFastAI,2079,231,7,0.03313063237432418,0.06909689719503725,0.02863163687288761,0.9870129823684692,2.8366565201431513
segment,NeuralNetTorch,2079,231,7,0.0310588890930076,0.06698389584961739,0.03001047670841217,0.9913420081138611,2.591051124036312
segment,RandomForest,2079,231,7,0.03235546717063558,0.08020343635183164,0.020612508058547974,0.9783549904823303,2.3122105109505355
segment,XGBoost,2079,231,7,0.039391733997189884,0.08252998952902989,0.013287308625876904,0.9696969985961914,2.4317689719609916
semeion,CatBoost,1433,160,10,0.10027556471066652,0.2174524761782343,0.02275918796658516,0.9312499761581421,3.139108614064753
semeion,ExtraTrees,1433,160,10,0.15821748551950363,0.39273082377627777,0.05883222073316574,0.887499988079071,2.7303675659932196
semeion,LightGBM,1433,160,10,0.13071719812321342,0.30055231422639106,0.0543513298034668,0.918749988079071,3.4158318010158837
semeion,LinearModel,1433,160,10,0.1352704906071598,0.2822526214590524,0.07281336188316345,0.9125000238418579,3.1347105992026627
semeion,NeuralNetFastAI,1433,160,10,0.10420235161169403,0.2174798071849028,0.0645248219370842,0.925000011920929,3.22969721397385
semeion,NeuralNetTorch,1433,160,10,0.1085097625911943,0.22525751877350525,0.0666312500834465,0.9312499761581421,2.9220679549034685
semeion,RandomForest,1433,160,10,0.1653405920413785,0.4103151137556667,0.06850730627775192,0.8812500238418579,2.7504472478758544
semeion,XGBoost,1433,160,10,0.13166199256155225,0.28701846464688946,0.04680204018950462,0.90625,3.288105608196929
soybean,CatBoost,614,69,19,0.10491913660142577,0.15615884176599817,0.08356460928916931,0.9275362491607666,2.915344521170482
soybean,ExtraTrees,614,69,19,0.08668396184727607,0.13660446319223007,0.0494990311563015,0.9420289993286133,2.7648256910033524
soybean,LightGBM,614,69,19,0.07351851790231796,0.12339045836045041,0.04235805571079254,0.95652174949646,3.014770910842344
soybean,LinearModel,614,69,19,0.11491571351668077,0.2209362508980289,0.05406564101576805,0.9275362491607666,2.900502644944936
soybean,NeuralNetFastAI,614,69,19,0.10121107081752498,0.1559213507786934,0.045355379581451416,0.9420289993286133,3.1232481109909713
soybean,NeuralNetTorch,614,69,19,0.11586722619252832,0.1962482465395358,0.0733056589961052,0.9275362491607666,3.019266105024144
soybean,RandomForest,614,69,19,0.09990468032542037,0.17304134850434566,0.08440529555082321,0.9420289993286133,2.766113732010126
soybean,XGBoost,614,69,19,0.09697365379417341,0.1715074033646018,0.0638069435954094,0.95652174949646,2.7647148510441184
splice,CatBoost,2871,319,3,0.05806817714455721,0.11261977610916592,0.015453442931175232,0.962382435798645,1.6225406830199063
splice,ExtraTrees,2871,319,3,0.08307120960772713,0.15417986135037623,0.03324812650680542,0.9467084407806396,1.6214050680864602
splice,LightGBM,2871,319,3,0.06142563867071572,0.1191287229743379,0.02170347236096859,0.9655172228813171,1.4229708360508084
splice,LinearModel,2871,319,3,0.09161733670131107,0.18225530876201324,0.028111319988965988,0.9435736536979675,2.0344718580599874
splice,NeuralNetFastAI,2871,319,3,0.05551785739780147,0.10848986343656744,0.024851351976394653,0.9592476487159729,1.4431193810887635
splice,NeuralNetTorch,2871,319,3,0.06504616880170262,0.12530426891315616,0.01892256736755371,0.9561128616333008,1.5896971609909087
splice,RandomForest,2871,319,3,0.08228183958052643,0.148872769941672,0.020322542637586594,0.9435736536979675,1.595380692044273
splice,XGBoost,2871,319,3,0.05254052178660878,0.10016743272875168,0.022824101150035858,0.9655172228813171,1.4900488299317658
steel-plates-fault,CatBoost,1746,195,7,0.24175952297225028,0.4729825679064682,0.040356557816267014,0.8102564215660095,2.611127173062414
steel-plates-fault,ExtraTrees,1746,195,7,0.26425261711229625,0.5080242078931773,0.09485320001840591,0.8153846263885498,2.4446614638436586
steel-plates-fault,LightGBM,1746,195,7,0.24513200661010243,0.489094794177724,0.044832486659288406,0.8205128312110901,2.557870342861861
steel-plates-fault,LinearModel,1746,195,7,0.3531175191335639,0.6659867463017971,0.08289924263954163,0.7487179636955261,2.8098599519580603
steel-plates-fault,NeuralNetFastAI,1746,195,7,0.3043819752572429,0.5757509224820113,0.08790747821331024,0.800000011920929,2.522717896848917
steel-plates-fault,NeuralNetTorch,1746,195,7,0.33178237477704237,0.6137520027055815,0.06604752689599991,0.7333333492279053,2.345249117119238
steel-plates-fault,RandomForest,1746,195,7,0.2510903862290998,0.48406419004815954,0.048146482557058334,0.8256410360336304,2.2477348351385444
steel-plates-fault,XGBoost,1746,195,7,0.24249943284711536,0.4823565684137026,0.06430660933256149,0.8205128312110901,2.55963239306584
synthetic_control,CatBoost,540,60,6,0.0030427674215713603,0.012333433547253364,0.011245003901422024,1.0,1.0483871910255402
synthetic_control,ExtraTrees,540,60,6,0.005639020863437702,0.025348186958397925,0.023683372884988785,1.0,0.936679398175329
synthetic_control,LightGBM,540,60,6,2.3650919384065395e-05,0.0007394988625896164,0.0007336735725402832,1.0,1.028842278989032
synthetic_control,LinearModel,540,60,6,0.0013676956318522014,0.010043792731362938,0.009665269404649734,1.0,1.139839863870293
synthetic_control,NeuralNetFastAI,540,60,6,9.907233742948721e-05,0.0013196240531849746,0.0012908577919006348,1.0,0.9467709250748158
synthetic_control,NeuralNetTorch,540,60,6,0.013374059125250774,0.02566471791695884,0.02122390829026699,1.0,0.9539601001888514
synthetic_control,RandomForest,540,60,6,0.008192020082415563,0.034794120339466966,0.03227558732032776,1.0,0.9839358818717301
synthetic_control,XGBoost,540,60,6,0.010861493136993602,0.025567878140990718,0.019695507362484932,0.9833333492279053,0.8841489187907428
texture,CatBoost,4950,550,11,0.010839129721987502,0.02161502076710781,0.007168195676058531,0.9927272796630859,7.497772508999333
texture,ExtraTrees,4950,550,11,0.021405480222454153,0.04137371271177496,0.01201651245355606,0.9854545593261719,5.75280626793392
texture,LightGBM,4950,550,11,0.006061056297775293,0.014310053523222179,0.004874724894762039,0.996363639831543,6.999730285955593
texture,LinearModel,4950,550,11,0.007368879616888884,0.014109872874402875,0.0034706888254731894,0.9945454597473145,5.808193063130602
texture,NeuralNetFastAI,4950,550,11,0.005809501653402032,0.010260969328350113,0.003789088223129511,0.996363639831543,5.903753623133525
texture,NeuralNetTorch,4950,550,11,0.004015880593205395,0.006675790447674991,0.0019317506812512875,0.9981818199157715,6.865370218176395
texture,RandomForest,4950,550,11,0.02927486088025886,0.054955909576642564,0.019101988524198532,0.9818181991577148,6.147067917976528
texture,XGBoost,4950,550,11,0.014107208086852428,0.029842081016682547,0.008311064913868904,0.9890909194946289,7.4581288089975715
vehicle,CatBoost,761,85,4,0.27193955361475974,0.44694368774488324,0.08108671009540558,0.7882353067398071,0.7169451268855482
vehicle,ExtraTrees,761,85,4,0.26788519093765567,0.5116367319138994,0.06651821732521057,0.800000011920929,0.8252737168222666
vehicle,LightGBM,761,85,4,0.26539180421224806,0.4204014538738166,0.0778559148311615,0.8235294222831726,0.7626768560148776
vehicle,LinearModel,761,85,4,0.2104408350243792,0.34431099265400855,0.07890608161687851,0.8470588326454163,0.8285722718574107
vehicle,NeuralNetFastAI,761,85,4,0.1806429192169825,0.32909203948612853,0.06646780669689178,0.8941176533699036,0.8760208799503744
vehicle,NeuralNetTorch,761,85,4,0.180922909785132,0.30174853861010326,0.058041591197252274,0.8705882430076599,0.7871306180022657
vehicle,RandomForest,761,85,4,0.27679036425107956,0.48151958650941706,0.07854481786489487,0.7764706015586853,0.8055124930106103
vehicle,XGBoost,761,85,4,0.28785122793545037,0.48318239132138213,0.0653214380145073,0.800000011920929,0.7305643621366471
volcanoes-a2,CatBoost,1460,163,5,0.11404006646908077,0.24863569152226786,0.05020173639059067,0.9018405079841614,1.0941604049876332
volcanoes-a2,ExtraTrees,1460,163,5,0.11353819842265585,0.2493567708358415,0.041651543229818344,0.9141104221343994,1.3541902177967131
volcanoes-a2,LightGBM,1460,163,5,0.10860991387244957,0.2368184345158874,0.04987480863928795,0.9202454090118408,1.3346486070659012
volcanoes-a2,LinearModel,1460,163,5,0.11059442242304955,0.2441145770516727,0.050693970173597336,0.9202454090118408,1.5798221898730844
volcanoes-a2,NeuralNetFastAI,1460,163,5,0.110656524632787,0.24272657024242603,0.0424947626888752,0.9141104221343994,1.1566620040684938
volcanoes-a2,NeuralNetTorch,1460,163,5,0.11053102835424798,0.24086082285460836,0.05201712250709534,0.9263803958892822,1.3660984821617603
volcanoes-a2,RandomForest,1460,163,5,0.11557780256142122,0.25229970822660436,0.06221422553062439,0.9141104221343994,1.3324498920701444
volcanoes-a2,XGBoost,1460,163,5,0.1135085880185922,0.2585919203742123,0.037038013339042664,0.9141104221343994,1.2071767249144614
volcanoes-a3,CatBoost,1368,153,5,0.1397419860787369,0.29691272241719857,0.056062813848257065,0.8954248428344727,1.0944945998489857
volcanoes-a3,ExtraTrees,1368,153,5,0.14006573477505793,0.30994398797027745,0.05738694593310356,0.9019607901573181,1.4924854098353535
volcanoes-a3,LightGBM,1368,153,5,0.14032548722834354,0.2995112382401864,0.059605784714221954,0.8954248428344727,1.188149173045531
volcanoes-a3,LinearModel,1368,153,5,0.14206084488555484,0.3160801051556076,0.04659860581159592,0.8823529481887817,1.1715915049426258
volcanoes-a3,NeuralNetFastAI,1368,153,5,0.14212570567812827,0.31942460660914807,0.0479360967874527,0.8888888955116272,1.121139301918447
volcanoes-a3,NeuralNetTorch,1368,153,5,0.1388570748132807,0.30302247989920117,0.044096436351537704,0.8888888955116272,1.566418617963791
volcanoes-a3,RandomForest,1368,153,5,0.1395750347121588,0.29772694462551436,0.07350325584411621,0.8823529481887817,1.2596116671338677
volcanoes-a3,XGBoost,1368,153,5,0.14538479002856977,0.3126387011550691,0.04850057512521744,0.8823529481887817,0.9919547711033374
volcanoes-a4,CatBoost,1363,152,5,0.1314139357175561,0.30962407064140957,0.04436245560646057,0.9144737124443054,1.189580168807879
volcanoes-a4,ExtraTrees,1363,152,5,0.13150033540389067,0.30298946789729797,0.05229366570711136,0.9144737124443054,1.312355367001146
volcanoes-a4,LightGBM,1363,152,5,0.12924646540829868,0.29577350310153866,0.0518212728202343,0.9144737124443054,1.1122132109012455
volcanoes-a4,LinearModel,1363,152,5,0.1319948104161018,0.30635192603687555,0.03885524347424507,0.9078947305679321,1.0560875381343067
volcanoes-a4,NeuralNetFastAI,1363,152,5,0.13039783277066147,0.3071476203377706,0.058259326964616776,0.9078947305679321,1.2732064810115844
volcanoes-a4,NeuralNetTorch,1363,152,5,0.12927679105702927,0.2933995982148104,0.061950016766786575,0.9144737124443054,1.3133981779683381
volcanoes-a4,RandomForest,1363,152,5,0.13565479486575194,0.31674920905781223,0.04338730126619339,0.9078947305679321,1.3443030631169677
volcanoes-a4,XGBoost,1363,152,5,0.13519933213142876,0.3230898181028985,0.04424579441547394,0.9144737124443054,0.9597635639365762
volcanoes-b1,CatBoost,9158,1018,5,0.05450438922766782,0.1393578591122302,0.009724084287881851,0.968565821647644,3.1278402861207724
volcanoes-b1,ExtraTrees,9158,1018,5,0.05454416267011699,0.14270449181539147,0.009628901258111,0.968565821647644,4.253503545885906
volcanoes-b1,LightGBM,9158,1018,5,0.05603175005477294,0.1461463126751294,0.008267777040600777,0.9666011929512024,3.431212153052911
volcanoes-b1,LinearModel,9158,1018,5,0.05458222468259178,0.14173361087080363,0.007560958620160818,0.968565821647644,3.9061805040109903
volcanoes-b1,NeuralNetFastAI,9158,1018,5,0.054318250541340714,0.14071275542350645,0.00550521956756711,0.968565821647644,3.8321953541599214
volcanoes-b1,NeuralNetTorch,9158,1018,5,0.05470440793635008,0.14231077627953503,0.010223512537777424,0.9695481061935425,4.168276309035718
volcanoes-b1,RandomForest,9158,1018,5,0.05488999410895109,0.14253370133339985,0.006818689405918121,0.9675834774971008,4.233079701894894
volcanoes-b1,XGBoost,9158,1018,5,0.054888061271474914,0.1436178518805993,0.009785275906324387,0.968565821647644,3.126919497968629
volcanoes-b2,CatBoost,9601,1067,5,0.0505762642044872,0.1338313786860297,0.008259128779172897,0.9681349396705627,3.062680831179023
volcanoes-b2,ExtraTrees,9601,1067,5,0.050317755119726186,0.13276945392070663,0.009583919309079647,0.9700093865394592,4.161261029075831
volcanoes-b2,LightGBM,9601,1067,5,0.05219764851014777,0.1388764162219787,0.01173554640263319,0.9671977758407593,3.870036317035556
volcanoes-b2,LinearModel,9601,1067,5,0.0509298526175551,0.13441145523836628,0.00821545161306858,0.9700093865394592,3.851948856841773
volcanoes-b2,NeuralNetFastAI,9601,1067,5,0.05051623149709008,0.13194245575025032,0.008027785457670689,0.9700093865394592,4.512296139029786
volcanoes-b2,NeuralNetTorch,9601,1067,5,0.05067338619776407,0.13345568054475077,0.009485545568168163,0.969072163105011,3.1804598059970886
volcanoes-b2,RandomForest,9601,1067,5,0.05073943813710643,0.1349211733812191,0.0094707440584898,0.969072163105011,3.9776638839393854
volcanoes-b2,XGBoost,9601,1067,5,0.05031708330467722,0.13403251087883034,0.00998922809958458,0.9681349396705627,2.948448507115245
volcanoes-b5,CatBoost,8990,999,5,0.05607684265344916,0.1370548758771472,0.012291447259485722,0.966966986656189,2.7844196970108896
volcanoes-b5,ExtraTrees,8990,999,5,0.05687890466571916,0.13931471524917008,0.012168067507445812,0.965965986251831,3.72636754414998
volcanoes-b5,LightGBM,8990,999,5,0.05724436894808354,0.1421147599244327,0.010712815448641777,0.9639639854431152,3.159885094035417
volcanoes-b5,LinearModel,8990,999,5,0.05681359799935048,0.14043176825815176,0.011157055385410786,0.9649649858474731,3.7279985598288476
volcanoes-b5,NeuralNetFastAI,8990,999,5,0.05710734443604932,0.140674718172713,0.012417548336088657,0.9639639854431152,3.832768904045224
volcanoes-b5,NeuralNetTorch,8990,999,5,0.056902519156859406,0.14288641313188116,0.007951672188937664,0.9649649858474731,2.8637453739065677
volcanoes-b5,RandomForest,8990,999,5,0.05837124754422458,0.14467856283397373,0.01415139902383089,0.9629629850387573,4.062275483971462
volcanoes-b5,XGBoost,8990,999,5,0.05551363774084939,0.1409448820468086,0.012598102912306786,0.9679679870605469,2.8368108621798456
volcanoes-b6,CatBoost,9117,1013,5,0.06336733532683765,0.16569835332889432,0.012053092941641808,0.9634748101234436,2.912922445917502
volcanoes-b6,ExtraTrees,9117,1013,5,0.06302976681171919,0.16615650733307738,0.011941452510654926,0.9644619822502136,3.582442537881434
volcanoes-b6,LightGBM,9117,1013,5,0.0629715687400243,0.165304964252992,0.009739158675074577,0.9634748101234436,3.740132994018495
volcanoes-b6,LinearModel,9117,1013,5,0.06377211463069114,0.16945619316347224,0.01568940281867981,0.9644619822502136,3.8310738150030375
volcanoes-b6,NeuralNetFastAI,9117,1013,5,0.06333804747961877,0.17160120553915434,0.01588139496743679,0.9644619822502136,4.45231516007334
volcanoes-b6,NeuralNetTorch,9117,1013,5,0.0637118448242577,0.16885625975550228,0.01796593889594078,0.9644619822502136,3.612072916002944
volcanoes-b6,RandomForest,9117,1013,5,0.064335850865618,0.16847208378360293,0.00889186654239893,0.9624876379966736,3.939759633038193
volcanoes-b6,XGBoost,9117,1013,5,0.061996315688258,0.16661791383742625,0.0061937361024320126,0.9634748101234436,3.1541191830765456
volcanoes-d1,CatBoost,7877,876,5,0.09971022967449314,0.2507247615115536,0.016327761113643646,0.9440639019012451,2.4084842179436237
volcanoes-d1,ExtraTrees,7877,876,5,0.09985544512230093,0.25611917023336683,0.011999364010989666,0.9440639019012451,3.5552560419309884
volcanoes-d1,LightGBM,7877,876,5,0.10028934704920353,0.25351127017558933,0.009648951701819897,0.9440639019012451,2.563000170979649
volcanoes-d1,LinearModel,7877,876,5,0.0996760289649471,0.2527336882868822,0.01060514710843563,0.9440639019012451,3.059809901053086
volcanoes-d1,NeuralNetFastAI,7877,876,5,0.09994852077589081,0.2534186303176905,0.0123197166249156,0.9440639019012451,4.00978791504167
volcanoes-d1,NeuralNetTorch,7877,876,5,0.09988816438744895,0.25359920688665194,0.01004575751721859,0.9440639019012451,3.2857430421281606
volcanoes-d1,RandomForest,7877,876,5,0.10067112346817202,0.2585246493171769,0.009418414905667305,0.9440639019012451,2.8630028190091252
volcanoes-d1,XGBoost,7877,876,5,0.0995836900694571,0.251928212667408,0.01155198272317648,0.9440639019012451,2.629282569978386
volcanoes-d4,CatBoost,7788,866,5,0.09679623594984332,0.2365432160865255,0.014971436932682991,0.943418025970459,2.7231786709744483
volcanoes-d4,ExtraTrees,7788,866,5,0.09771701263489331,0.23940089214803686,0.015153482556343079,0.943418025970459,3.177997976075858
volcanoes-d4,LightGBM,7788,866,5,0.09748827705893946,0.2387563542284797,0.014804719015955925,0.943418025970459,2.643137063132599
volcanoes-d4,LinearModel,7788,866,5,0.09666634169062609,0.23680336287860773,0.018698662519454956,0.943418025970459,3.1557169321458787
volcanoes-d4,NeuralNetFastAI,7788,866,5,0.0968077070580489,0.2370076144607633,0.018485311418771744,0.943418025970459,3.654550079954788
volcanoes-d4,NeuralNetTorch,7788,866,5,0.09694531291557199,0.2373617055998881,0.017497975379228592,0.943418025970459,3.74984235689044
volcanoes-d4,RandomForest,7788,866,5,0.09825621684749368,0.24395142198826258,0.014701788313686848,0.943418025970459,3.0885446339379996
volcanoes-d4,XGBoost,7788,866,5,0.09774385388605902,0.2418977643856711,0.013082865625619888,0.943418025970459,2.378172814846039
volcanoes-e1,CatBoost,1064,119,5,0.1566732252038195,0.3775457569775109,0.0294056236743927,0.9075630307197571,0.824228806886822
volcanoes-e1,ExtraTrees,1064,119,5,0.16344452160854273,0.3964734003096406,0.05155621096491814,0.9075630307197571,0.8882380488794297
volcanoes-e1,LightGBM,1064,119,5,0.16152710494406994,0.3972208156892124,0.03755476698279381,0.9075630307197571,0.7424638459924608
volcanoes-e1,LinearModel,1064,119,5,0.16446039650767108,0.38947470671015916,0.042300060391426086,0.9075630307197571,0.8688314089085907
volcanoes-e1,NeuralNetFastAI,1064,119,5,0.15715242293071155,0.3683284572898366,0.04859832674264908,0.9075630307197571,1.0214512259699404
volcanoes-e1,NeuralNetTorch,1064,119,5,0.16149277665602496,0.3942055388943414,0.036003079265356064,0.9075630307197571,0.8408676770050079
volcanoes-e1,RandomForest,1064,119,5,0.16821361946209953,0.41865701968561053,0.03593774139881134,0.9075630307197571,1.1581052399706095
volcanoes-e1,XGBoost,1064,119,5,0.1613391723634704,0.3930332682392804,0.05214197561144829,0.9075630307197571,0.833311480935663
volkert,CatBoost,52479,5831,10,0.3919093386805297,0.7954399873517412,0.015476157888770103,0.7081118226051331,59.894154879963025
volkert,ExtraTrees,52479,5831,10,0.4275483549425723,0.8836845965623575,0.022316910326480865,0.6817012429237366,68.02156964805909
volkert,LightGBM,52479,5831,10,0.36454395345866875,0.7396741617121234,0.015431257896125317,0.7304064631462097,60.22654265584424
volkert,LinearModel,52479,5831,10,0.5431380299428028,1.159134099570969,0.021639171987771988,0.5897787809371948,62.55640404205769
volkert,NeuralNetFastAI,52479,5831,10,0.3563684675428434,0.7238610348701993,0.03044961765408516,0.7425827383995056,58.0397400460206
volkert,NeuralNetTorch,52479,5831,10,0.38426491154590553,0.7766768053119321,0.023253044113516808,0.7175441384315491,60.02156179305166
volkert,RandomForest,52479,5831,10,0.4273797251688514,0.884232542867506,0.017023317515850067,0.6873606443405151,58.20526227611117
volkert,XGBoost,52479,5831,10,0.38545352779279657,0.7877770046183196,0.013314178213477135,0.7213171124458313,61.583871986018494
wall-robot-navigation,CatBoost,4910,546,4,0.004590409590538777,0.00747223850463693,0.004536573309451342,0.9963369965553284,2.9132866559084505
wall-robot-navigation,ExtraTrees,4910,546,4,0.02507569845619649,0.044220460706603695,0.009006515145301819,0.9853479862213135,2.198350566904992
wall-robot-navigation,LightGBM,4910,546,4,0.006343825951537489,0.00989342642386844,0.003608653089031577,0.9945054650306702,2.9429834061302245
wall-robot-navigation,LinearModel,4910,546,4,0.36090782309767144,0.6241949458964051,0.03970715031027794,0.7142857313156128,3.458411419065669
wall-robot-navigation,NeuralNetFastAI,4910,546,4,0.04756906161085177,0.09128082712114446,0.024276437237858772,0.970695972442627,3.283919742098078
wall-robot-navigation,NeuralNetTorch,4910,546,4,0.05178268174284466,0.09487613389222349,0.01310361921787262,0.9652014374732971,3.395730339922011
wall-robot-navigation,RandomForest,4910,546,4,0.011658066353327442,0.01961246729618509,0.006489235907793045,0.9926739931106567,1.8469127789139748
wall-robot-navigation,XGBoost,4910,546,4,0.008324180303690615,0.012803406609900505,0.006559391040354967,0.9926739931106567,2.804628430167213
waveform-5000,CatBoost,4500,500,3,0.19765369683066436,0.30904002590869295,0.04134795069694519,0.8420000076293945,2.2782029840163887
waveform-5000,ExtraTrees,4500,500,3,0.20738366263850644,0.31934284712583694,0.046930547803640366,0.8360000252723694,1.840250584995374
waveform-5000,LightGBM,4500,500,3,0.200716848893132,0.31483643849413695,0.03023097664117813,0.8519999980926514,2.065129108959809
waveform-5000,LinearModel,4500,500,3,0.1899145950696434,0.30864677378481525,0.018609166145324707,0.8640000224113464,2.3227394388522953
waveform-5000,NeuralNetFastAI,4500,500,3,0.1815120134022198,0.2805085593817098,0.026067577302455902,0.8640000224113464,2.1455600110348314
waveform-5000,NeuralNetTorch,4500,500,3,0.18134737038099663,0.27704266383743303,0.016594991087913513,0.8619999885559082,2.07818436389789
waveform-5000,RandomForest,4500,500,3,0.2247733475468049,0.34888056390069017,0.022969696670770645,0.8339999914169312,2.0102287619374692
waveform-5000,XGBoost,4500,500,3,0.20110764894539068,0.3171976052184128,0.025700606405735016,0.8619999885559082,2.022179747931659
wine-quality-red,CatBoost,1439,160,6,0.4349964975305635,0.8144203107627137,0.057979218661785126,0.706250011920929,1.675427621928975
wine-quality-red,ExtraTrees,1439,160,6,0.4005243903470439,0.7764693642849011,0.07912133634090424,0.706250011920929,1.7204950409941375
wine-quality-red,LightGBM,1439,160,6,0.43563431872520564,0.851176508286073,0.053502824157476425,0.7124999761581421,1.442704969085753
wine-quality-red,LinearModel,1439,160,6,0.5596206868190122,0.9919438946668272,0.10227163881063461,0.5375000238418579,1.5540335499681532
wine-quality-red,NeuralNetFastAI,1439,160,6,0.5286751895456947,0.9458598895393197,0.10376130044460297,0.5874999761581421,1.413902228930965
wine-quality-red,NeuralNetTorch,1439,160,6,0.49184797603557345,0.9073493176638291,0.0491175502538681,0.6499999761581421,1.4269503778778017
wine-quality-red,RandomForest,1439,160,6,0.42075870282682953,0.8218880546421466,0.05430445447564125,0.71875,1.6379074139986187
wine-quality-red,XGBoost,1439,160,6,0.431913543962463,0.8345804100029296,0.04508422687649727,0.699999988079071,1.4901186181232333
wine-quality-white,CatBoost,4408,490,7,0.39752796873479596,0.7620752012263428,0.07339674234390259,0.718367338180542,3.1929547309409827
wine-quality-white,ExtraTrees,4408,490,7,0.3718513930053273,0.7170485745848658,0.05290161445736885,0.7142857313156128,4.0721911189612
wine-quality-white,LightGBM,4408,490,7,0.38053672107283,0.7281487142518311,0.06406152993440628,0.7142857313156128,2.5902429670095444
wine-quality-white,LinearModel,4408,490,7,0.5674943787585549,1.077827091962087,0.046709250658750534,0.5612244606018066,3.8532193840947
wine-quality-white,NeuralNetFastAI,4408,490,7,0.5112334668680294,0.9340589052890863,0.045832060277462006,0.6204081773757935,3.8631669220048934
wine-quality-white,NeuralNetTorch,4408,490,7,0.5063852837181999,0.9249079255880952,0.057243797928094864,0.6061224341392517,3.291167621035129
wine-quality-white,RandomForest,4408,490,7,0.3831422862062042,0.7415921576956683,0.06747756898403168,0.704081654548645,3.714342229999602
wine-quality-white,XGBoost,4408,490,7,0.3917998602684782,0.7496304731950807,0.07345902174711227,0.7020407915115356,2.8687498499639332
