dataset,model,cal_size,test_size,n_classes,VS_brier,VS_logloss,VS_ece-15,VS_accuracy,VS_time
Diabetes130US,CatBoost,91589,10177,3,0.49271368980407715,0.8279514312744141,0.006319338455796242,0.6227768659591675,0.24617583490908146
Diabetes130US,ExtraTrees,91589,10177,3,0.5056663155555725,0.8477649688720703,0.008717913180589676,0.6097081899642944,0.20050805201753974
Diabetes130US,LightGBM,91589,10177,3,0.49708107113838196,0.8353180885314941,0.010099214501678944,0.6211064457893372,0.29981613508425653
Diabetes130US,LinearModel,91589,10177,3,0.5266456604003906,0.8786400556564331,0.01620646007359028,0.5880907773971558,0.4031669569667429
Diabetes130US,NeuralNetFastAI,91589,10177,3,0.5030592679977417,0.8442656993865967,0.015573844313621521,0.6178638339042664,0.24552224716171622
Diabetes130US,NeuralNetTorch,91589,10177,3,0.5108047723770142,0.8557479977607727,0.008487841114401817,0.6083325147628784,0.21015605586580932
Diabetes130US,RandomForest,91589,10177,3,0.5045161247253418,0.8462416529655457,0.005186326801776886,0.6078411936759949,0.2530170539394021
Diabetes130US,XGBoost,91589,10177,3,0.49408411979675293,0.8289515972137451,0.010941779240965843,0.6220890283584595,0.20532375993207097
GesturePhaseSegmentationProcessed,CatBoost,8885,988,5,0.3869221806526184,0.7414554953575134,0.04451679438352585,0.7115384340286255,0.06495780101977289
GesturePhaseSegmentationProcessed,ExtraTrees,8885,988,5,0.40911510586738586,0.7862463593482971,0.04332384467124939,0.6933198571205139,0.08934974391013384
GesturePhaseSegmentationProcessed,LightGBM,8885,988,5,0.3863924741744995,0.7409884333610535,0.03266303986310959,0.7145748734474182,0.06161447521299124
GesturePhaseSegmentationProcessed,LinearModel,8885,988,5,0.6528816819190979,1.267536997795105,0.03946813941001892,0.4665991961956024,0.0765927811153233
GesturePhaseSegmentationProcessed,NeuralNetFastAI,8885,988,5,0.508228063583374,0.9738256931304932,0.045673668384552,0.6295546293258667,0.049834175035357475
GesturePhaseSegmentationProcessed,NeuralNetTorch,8885,988,5,0.49123719334602356,0.9457577466964722,0.04596433416008949,0.637651801109314,0.04172747582197189
GesturePhaseSegmentationProcessed,RandomForest,8885,988,5,0.42347195744514465,0.8245998024940491,0.04797576367855072,0.6801619529724121,0.10479162097908556
GesturePhaseSegmentationProcessed,XGBoost,8885,988,5,0.38956546783447266,0.7471883893013,0.048681728541851044,0.7135627269744873,0.08188343490473926
Indian_pines,CatBoost,8229,915,8,0.07114820927381516,0.12988851964473724,0.02939107082784176,0.9540983438491821,0.24388192989863455
Indian_pines,ExtraTrees,8229,915,8,0.10587313026189804,0.18537788093090057,0.02912796661257744,0.9344262480735779,0.357134958030656
Indian_pines,LightGBM,8229,915,8,0.058240216225385666,0.10954996943473816,0.020616479218006134,0.9639344215393066,0.2662597270682454
Indian_pines,LinearModel,8229,915,8,0.11777064949274063,0.218256413936615,0.0216207355260849,0.9256830811500549,0.17318761302158237
Indian_pines,NeuralNetFastAI,8229,915,8,0.05313822254538536,0.09788237512111664,0.012872636318206787,0.9672130942344666,0.30210621492005885
Indian_pines,NeuralNetTorch,8229,915,8,0.045942168682813644,0.08651944249868393,0.017498265951871872,0.9693989157676697,0.2004407939966768
Indian_pines,RandomForest,8229,915,8,0.11156471818685532,0.19566063582897186,0.030216490849852562,0.9289617538452148,0.3070065041538328
Indian_pines,XGBoost,8229,915,8,0.06678321957588196,0.12101402878761292,0.022963693365454674,0.9584699273109436,0.2664137149695307
LED-display-domain-7digit,CatBoost,450,50,10,0.40645766258239746,0.8237265944480896,0.1261947751045227,0.7200000286102295,0.01761815696954727
LED-display-domain-7digit,ExtraTrees,450,50,10,0.3862314522266388,0.7585446834564209,0.13024652004241943,0.7599999904632568,0.02351207216270268
LED-display-domain-7digit,LightGBM,450,50,10,0.3495820164680481,0.7146846652030945,0.17742490768432617,0.7799999713897705,0.016417719889432192
LED-display-domain-7digit,LinearModel,450,50,10,0.368818998336792,0.7358283996582031,0.11462588608264923,0.7200000286102295,0.018082445953041315
LED-display-domain-7digit,NeuralNetFastAI,450,50,10,0.3574570417404175,0.7188235521316528,0.1422235369682312,0.7400000095367432,0.020687134005129337
LED-display-domain-7digit,NeuralNetTorch,450,50,10,0.3580547571182251,0.7020490765571594,0.11028700321912766,0.7599999904632568,0.024327283026650548
LED-display-domain-7digit,RandomForest,450,50,10,0.3981426954269409,0.7714817523956299,0.2249172180891037,0.7200000286102295,0.024032259127125144
LED-display-domain-7digit,XGBoost,450,50,10,0.3836808502674103,0.7796275615692139,0.14337199926376343,0.7200000286102295,0.015806601149961352
MiceProtein,CatBoost,972,108,8,0.010774784721434116,0.017911486327648163,0.006213781423866749,0.9907407164573669,0.030697164125740528
MiceProtein,ExtraTrees,972,108,8,0.01851743273437023,0.09663368761539459,0.009258806705474854,0.9907407164573669,0.05656057014130056
MiceProtein,LightGBM,972,108,8,0.0007689874619245529,0.0022477509919553995,0.0019964086823165417,1.0,0.010906324023380876
MiceProtein,LinearModel,972,108,8,0.0012864075833931565,0.006636610720306635,0.0062736934050917625,1.0,0.07828022306784987
MiceProtein,NeuralNetFastAI,972,108,8,1.3922758625994902e-05,0.0004657219396904111,0.00046241283416748047,1.0,0.013351368019357324
MiceProtein,NeuralNetTorch,972,108,8,2.423194422895847e-10,1.5916041320451768e-06,1.6689300537109375e-06,1.0,0.01903211302123964
MiceProtein,RandomForest,972,108,8,0.0703529417514801,0.4171728193759918,0.03754281997680664,0.9444444179534912,0.09643652010709047
MiceProtein,XGBoost,972,108,8,0.04221443459391594,1.0267544984817505,0.023599237203598022,0.9814814925193787,0.27601068187505007
Traffic_violations,CatBoost,63306,7034,3,0.2679727077484131,0.4033434987068176,0.010978369042277336,0.7996872067451477,0.2836891880724579
Traffic_violations,ExtraTrees,63306,7034,3,0.2775452435016632,0.4191919267177582,0.007205398753285408,0.7908729314804077,0.2334628498647362
Traffic_violations,LightGBM,63306,7034,3,0.27188730239868164,0.41050007939338684,0.00828251987695694,0.7954222559928894,0.20058180508203804
Traffic_violations,LinearModel,63306,7034,3,0.2761601209640503,0.41496098041534424,0.011113245040178299,0.7920102477073669,0.25605683005414903
Traffic_violations,NeuralNetFastAI,63306,7034,3,0.27513834834098816,0.41234347224235535,0.00642756000161171,0.7940005660057068,0.31238616816699505
Traffic_violations,NeuralNetTorch,63306,7034,3,0.2888270914554596,0.4378252625465393,0.008635435253381729,0.7831959128379822,0.15623553609475493
Traffic_violations,RandomForest,63306,7034,3,0.27347156405448914,0.41105324029922485,0.012467198073863983,0.7945692539215088,0.22758224816061556
Traffic_violations,XGBoost,63306,7034,3,0.2728463411331177,0.40890923142433167,0.006849275901913643,0.7931475639343262,0.2669782747980207
UMIST_Faces_Cropped,CatBoost,517,58,20,0.024510236456990242,0.3519805371761322,0.010112328454852104,0.982758641242981,0.05100824497640133
UMIST_Faces_Cropped,ExtraTrees,517,58,20,0.011910506524145603,0.015382785350084305,0.010242309421300888,0.982758641242981,0.07377882790751755
UMIST_Faces_Cropped,LightGBM,517,58,20,0.05748853087425232,0.6447929739952087,0.0264542605727911,0.9655172228813171,0.034626764012500644
UMIST_Faces_Cropped,LinearModel,517,58,20,0.046497561037540436,0.13275602459907532,0.02575170248746872,0.9655172228813171,0.03941081301309168
UMIST_Faces_Cropped,NeuralNetFastAI,517,58,20,0.03162675350904465,0.22955888509750366,0.009597684256732464,0.982758641242981,0.007892813067883253
UMIST_Faces_Cropped,NeuralNetTorch,517,58,20,0.05142815411090851,0.32920339703559875,0.0485689677298069,0.982758641242981,0.0056107910349965096
UMIST_Faces_Cropped,RandomForest,517,58,20,0.028972402215003967,0.1829470545053482,0.009199114516377449,0.982758641242981,0.06206173403188586
UMIST_Faces_Cropped,XGBoost,517,58,20,0.06934273988008499,1.616610050201416,0.03142358362674713,0.9482758641242981,0.4089524189475924
analcatdata_authorship,CatBoost,756,85,4,0.0670488178730011,0.22474120557308197,0.03430068492889404,0.9647058844566345,0.0507508791051805
analcatdata_authorship,ExtraTrees,756,85,4,0.04743779078125954,0.07649177312850952,0.027217548340559006,0.9647058844566345,0.060431211022660136
analcatdata_authorship,LightGBM,756,85,4,0.04701622948050499,1.109924554824829,0.023518621921539307,0.9764705896377563,0.022627216996625066
analcatdata_authorship,LinearModel,756,85,4,0.0235294122248888,1.0274888277053833,0.011764585971832275,0.9882352948188782,0.025112445931881666
analcatdata_authorship,NeuralNetFastAI,756,85,4,0.02025897055864334,0.03779765963554382,0.022022318094968796,0.9882352948188782,0.0030562360771000385
analcatdata_authorship,NeuralNetTorch,756,85,4,0.0253407284617424,0.04721958562731743,0.02260289341211319,0.9882352948188782,0.001447256887331605
analcatdata_authorship,RandomForest,756,85,4,0.036744941025972366,0.07068914920091629,0.01887323334813118,0.9764705896377563,0.03125359583646059
analcatdata_authorship,XGBoost,756,85,4,0.023773809894919395,0.03767601028084755,0.015233778394758701,0.9882352948188782,0.04644544213078916
analcatdata_dmft,CatBoost,717,80,6,0.8106043934822083,1.7196458578109741,0.05508672073483467,0.26249998807907104,0.023883090121671557
analcatdata_dmft,ExtraTrees,717,80,6,0.8139735460281372,1.7333929538726807,0.03967102989554405,0.23749999701976776,0.07676023780368268
analcatdata_dmft,LightGBM,717,80,6,0.8100842237472534,1.7196667194366455,0.042207177728414536,0.21250000596046448,0.03473546798340976
analcatdata_dmft,LinearModel,717,80,6,0.8121816515922546,1.7268556356430054,0.0534638911485672,0.2750000059604645,0.025505617959424853
analcatdata_dmft,NeuralNetFastAI,717,80,6,0.8095552325248718,1.7170403003692627,0.023751921951770782,0.25,0.053405017126351595
analcatdata_dmft,NeuralNetTorch,717,80,6,0.8086441159248352,1.7153600454330444,0.0366707444190979,0.22499999403953552,0.05106933997012675
analcatdata_dmft,RandomForest,717,80,6,0.8147395253181458,1.731731653213501,0.0265146866440773,0.23749999701976776,0.045070662163197994
analcatdata_dmft,XGBoost,717,80,6,0.8071870803833008,1.7145706415176392,0.06609709560871124,0.2874999940395355,0.05874340096488595
artificial-characters,CatBoost,9196,1022,10,0.07184276729822159,0.16649149358272552,0.04480745643377304,0.9598825573921204,0.1248407349921763
artificial-characters,ExtraTrees,9196,1022,10,0.08206348121166229,0.1990797519683838,0.03745407238602638,0.9559686779975891,0.22983694286085665
artificial-characters,LightGBM,9196,1022,10,0.05994575843214989,0.14093580842018127,0.0432775542140007,0.9598825573921204,0.15821554907597601
artificial-characters,LinearModel,9196,1022,10,0.7593629360198975,1.6950695514678955,0.056456707417964935,0.33365949988365173,0.13676416990347207
artificial-characters,NeuralNetFastAI,9196,1022,10,0.3572021722793579,0.5965078473091125,0.036237530410289764,0.7084148526191711,0.131792037980631
artificial-characters,NeuralNetTorch,9196,1022,10,0.3459634482860565,0.5851315259933472,0.03647439554333687,0.718199610710144,0.2313209599815309
artificial-characters,RandomForest,9196,1022,10,0.08297140896320343,0.20207907259464264,0.04276883974671364,0.9559686779975891,0.23571699997410178
artificial-characters,XGBoost,9196,1022,10,0.06795092672109604,0.15907900035381317,0.04287678375840187,0.9647749662399292,0.1107458311598748
autoUniv-au6-750,CatBoost,675,75,8,0.8359508514404297,1.948448896408081,0.14589619636535645,0.25333333015441895,0.1141539120581001
autoUniv-au6-750,ExtraTrees,675,75,8,0.8279107809066772,1.925689458847046,0.10867050290107727,0.25333333015441895,0.09685120289213955
autoUniv-au6-750,LightGBM,675,75,8,0.7961525917053223,1.8526629209518433,0.15402056276798248,0.3733333349227905,0.11641526594758034
autoUniv-au6-750,LinearModel,675,75,8,0.8526991009712219,1.9983336925506592,0.009011998772621155,0.2266666740179062,0.027693690033629537
autoUniv-au6-750,NeuralNetFastAI,675,75,8,0.8537380695343018,1.9984822273254395,0.033629775047302246,0.20000000298023224,0.08410365507006645
autoUniv-au6-750,NeuralNetTorch,675,75,8,0.8516865968704224,1.988919734954834,0.026052797213196754,0.20000000298023224,0.08886237815022469
autoUniv-au6-750,RandomForest,675,75,8,0.7763004302978516,1.8061480522155762,0.09562454372644424,0.36000001430511475,0.07919347402639687
autoUniv-au6-750,XGBoost,675,75,8,0.8057730197906494,1.8888921737670898,0.1381637454032898,0.3866666555404663,0.08455043286085129
autoUniv-au7-1100,CatBoost,990,110,5,0.7285135984420776,1.4077626466751099,0.1218654215335846,0.4272727370262146,0.03136761882342398
autoUniv-au7-1100,ExtraTrees,990,110,5,0.7469781637191772,1.4568675756454468,0.14700070023536682,0.4272727370262146,0.034203023882582784
autoUniv-au7-1100,LightGBM,990,110,5,0.7254534363746643,1.4024569988250732,0.1351333111524582,0.40909090638160706,0.036473122891038656
autoUniv-au7-1100,LinearModel,990,110,5,0.7720018029212952,1.5187482833862305,0.07486142218112946,0.3545454442501068,0.03299686103127897
autoUniv-au7-1100,NeuralNetFastAI,990,110,5,0.7371903657913208,1.4260212182998657,0.06359747052192688,0.38181817531585693,0.02603212115354836
autoUniv-au7-1100,NeuralNetTorch,990,110,5,0.7260676026344299,1.4103107452392578,0.1228969544172287,0.3909091055393219,0.024383774027228355
autoUniv-au7-1100,RandomForest,990,110,5,0.7115715742111206,1.3994401693344116,0.09003721922636032,0.4272727370262146,0.02668136707507074
autoUniv-au7-1100,XGBoost,990,110,5,0.7129727005958557,1.3772716522216797,0.11225330829620361,0.4000000059604645,0.031899043126031756
autoUniv-au7-700,CatBoost,630,70,3,0.574108362197876,0.9650060534477234,0.14893533289432526,0.4714285731315613,0.02624485595151782
autoUniv-au7-700,ExtraTrees,630,70,3,0.5649408102035522,0.9459466338157654,0.1123671755194664,0.4571428596973419,0.02382525894790888
autoUniv-au7-700,LightGBM,630,70,3,0.5386680960655212,0.9018664956092834,0.11147226393222809,0.4571428596973419,0.030707526952028275
autoUniv-au7-700,LinearModel,630,70,3,0.6740624308586121,1.1119989156723022,0.08674934506416321,0.3571428656578064,0.06221250910311937
autoUniv-au7-700,NeuralNetFastAI,630,70,3,0.6148844957351685,1.0238862037658691,0.06753392517566681,0.48571428656578064,0.02464530011638999
autoUniv-au7-700,NeuralNetTorch,630,70,3,0.6282660961151123,1.0384935140609741,0.07692815363407135,0.44285714626312256,0.019271220080554485
autoUniv-au7-700,RandomForest,630,70,3,0.5382500290870667,0.8859279751777649,0.13729120790958405,0.5285714268684387,0.019437610171735287
autoUniv-au7-700,XGBoost,630,70,3,0.5442705154418945,0.9209832549095154,0.1485642045736313,0.5142857432365417,0.02950557298026979
balance-scale,CatBoost,562,63,3,0.02492661587893963,0.05834835022687912,0.03588614612817764,0.9841269850730896,0.025426235049962997
balance-scale,ExtraTrees,562,63,3,0.12013214826583862,0.23199720680713654,0.08994980156421661,0.8888888955116272,0.04702554689720273
balance-scale,LightGBM,562,63,3,0.048239562660455704,0.0972369909286499,0.047366999089717865,0.9682539701461792,0.015138864982873201
balance-scale,LinearModel,562,63,3,0.09005273878574371,0.16550928354263306,0.06773097068071365,0.920634925365448,0.017770256148651242
balance-scale,NeuralNetFastAI,562,63,3,0.008058383129537106,0.019162315875291824,0.01588953100144863,1.0,0.021881602937355638
balance-scale,NeuralNetTorch,562,63,3,0.0005838194629177451,0.0028895721770823,0.0027295267209410667,1.0,0.04636595002375543
balance-scale,RandomForest,562,63,3,0.1210770457983017,0.24089394509792328,0.08836357295513153,0.9047619104385376,0.03256746008992195
balance-scale,XGBoost,562,63,3,0.03250666335225105,0.07077618688344955,0.051040127873420715,0.9841269850730896,0.018209833884611726
baseball,CatBoost,1206,134,3,0.07244020700454712,0.13860592246055603,0.032346438616514206,0.9552238583564758,0.018136619124561548
baseball,ExtraTrees,1206,134,3,0.07262177765369415,0.1370810717344284,0.026245370507240295,0.9626865386962891,0.01699599507264793
baseball,LightGBM,1206,134,3,0.07429271191358566,0.1389562040567398,0.03179621323943138,0.9477611780166626,0.012919639004394412
baseball,LinearModel,1206,134,3,0.06992288678884506,0.13721463084220886,0.036539942026138306,0.9477611780166626,0.01362661481834948
baseball,NeuralNetFastAI,1206,134,3,0.07356680184602737,0.13060319423675537,0.03875028342008591,0.9477611780166626,0.017026568995788693
baseball,NeuralNetTorch,1206,134,3,0.07520891726016998,0.14199063181877136,0.028747322037816048,0.9477611780166626,0.013844233937561512
baseball,RandomForest,1206,134,3,0.07466890662908554,0.14237067103385925,0.02823764644563198,0.9552238583564758,0.013798573985695839
baseball,XGBoost,1206,134,3,0.0729924812912941,0.1445017158985138,0.05106533318758011,0.9552238583564758,0.01814696891233325
car,CatBoost,1555,173,4,0.00024961328017525375,0.0016557394992560148,0.0015878374688327312,1.0,0.03239170485176146
car,ExtraTrees,1555,173,4,0.01460862997919321,0.04026405140757561,0.017905164510011673,0.9942196607589722,0.0193465081974864
car,LightGBM,1555,173,4,8.359812310933348e-26,0.0,5.960464477539063e-08,1.0,0.02665069908834994
car,LinearModel,1555,173,4,0.08172929286956787,0.1282399296760559,0.04514250159263611,0.9190751314163208,0.0257374020293355
car,NeuralNetFastAI,1555,173,4,5.366015543017966e-08,1.3193968698033132e-05,1.3232231140136719e-05,1.0,0.009863695129752159
car,NeuralNetTorch,1555,173,4,1.8782238839776255e-05,0.0003029739891644567,0.0002981424331665039,1.0,0.008581913076341152
car,RandomForest,1555,173,4,0.03092353418469429,0.05318182334303856,0.016834689304232597,0.9826589822769165,0.031029985984787345
car,XGBoost,1555,173,4,0.00016312210937030613,0.0012406476307660341,0.0011971269268542528,1.0,0.04682289808988571
cardiotocography,CatBoost,1913,213,10,3.1847243592286745e-11,2.60580009125988e-06,1.5497207641601562e-06,1.0,0.013182692928239703
cardiotocography,ExtraTrees,1913,213,10,2.9865660725741927e-13,5.143348289493588e-07,5.960464477539063e-08,1.0,0.010327058844268322
cardiotocography,LightGBM,1913,213,10,1.925603773655915e-11,3.664138148451457e-06,2.2649765014648438e-06,1.0,0.006562879076227546
cardiotocography,LinearModel,1913,213,10,3.545611720889852e-11,1.722085585242894e-06,1.1324882507324219e-06,1.0,0.010482036042958498
cardiotocography,NeuralNetFastAI,1913,213,10,0.00013339772704057395,0.0006055942503735423,0.0005684078205376863,1.0,0.0023472479078918695
cardiotocography,NeuralNetTorch,1913,213,10,1.1367329603648169e-12,1.0213937002845341e-06,5.960464477539063e-08,1.0,0.002350019058212638
cardiotocography,RandomForest,1913,213,10,1.764658840060218e-13,3.8729024254280375e-07,5.960464477539063e-08,1.0,0.029954166151583195
cardiotocography,XGBoost,1913,213,10,3.4226895623268305e-11,2.69702513833181e-06,1.9073486328125e-06,1.0,0.01555450214073062
cmc,CatBoost,1325,148,3,0.4955231845378876,0.8370400071144104,0.10102294385433197,0.5945945978164673,0.019921401049941778
cmc,ExtraTrees,1325,148,3,0.5058901906013489,0.8563138842582703,0.08209716528654099,0.5810810923576355,0.015142219141125679
cmc,LightGBM,1325,148,3,0.5232276916503906,0.8815929293632507,0.052729614078998566,0.5608108043670654,0.018739701015874743
cmc,LinearModel,1325,148,3,0.5228767991065979,0.8713024258613586,0.10776273906230927,0.6148648858070374,0.014868448022753
cmc,NeuralNetFastAI,1325,148,3,0.4996736943721771,0.8407152891159058,0.058581024408340454,0.587837815284729,0.015317019075155258
cmc,NeuralNetTorch,1325,148,3,0.5031312704086304,0.8490063548088074,0.10456674546003342,0.6216216087341309,0.022463523084297776
cmc,RandomForest,1325,148,3,0.50455242395401,0.8478980660438538,0.062407102435827255,0.587837815284729,0.011357677169144154
cmc,XGBoost,1325,148,3,0.5003306865692139,0.8473264575004578,0.08625660091638565,0.5743243098258972,0.018273953115567565
cnae-9,CatBoost,972,108,9,0.07263918966054916,0.1793682873249054,0.04089416563510895,0.9537037014961243,0.04854075191542506
cnae-9,ExtraTrees,972,108,9,0.06094794347882271,0.14299194514751434,0.049643922597169876,0.9537037014961243,0.15831040008924901
cnae-9,LightGBM,972,108,9,0.04404224455356598,0.11405808478593826,0.039071258157491684,0.9722222089767456,0.04047123808413744
cnae-9,LinearModel,972,108,9,0.05929875001311302,0.13775573670864105,0.03636729717254639,0.9537037014961243,0.1386002239305526
cnae-9,NeuralNetFastAI,972,108,9,0.050552383065223694,0.10381415486335754,0.030852342024445534,0.9537037014961243,0.04031528905034065
cnae-9,NeuralNetTorch,972,108,9,0.05354772135615349,0.11541984975337982,0.03269617259502411,0.9629629850387573,0.07292034197598696
cnae-9,RandomForest,972,108,9,0.060695357620716095,0.16436518728733063,0.059802714735269547,0.9629629850387573,0.15262351697310805
cnae-9,XGBoost,972,108,9,0.08266264200210571,0.1808798462152481,0.049754850566387177,0.9351851940155029,0.045691746985539794
collins,CatBoost,900,100,30,0.7995859384536743,2.0822713375091553,0.07388828694820404,0.3100000023841858,0.05647688405588269
collins,ExtraTrees,900,100,30,0.8294821977615356,2.171433448791504,0.0769071877002716,0.23999999463558197,0.09280042303726077
collins,LightGBM,900,100,30,0.8063763380050659,2.126204013824463,0.05983360484242439,0.3100000023841858,0.07220219518058002
collins,LinearModel,900,100,30,0.8095914721488953,2.1400933265686035,0.12918396294116974,0.36000001430511475,0.07847154187038541
collins,NeuralNetFastAI,900,100,30,0.7961095571517944,2.0646369457244873,0.11097269505262375,0.3700000047683716,0.062289500841870904
collins,NeuralNetTorch,900,100,30,0.7787870168685913,2.01364803314209,0.07338599115610123,0.33000001311302185,0.0750434750225395
collins,RandomForest,900,100,30,0.8249516487121582,2.1870105266571045,0.11548516154289246,0.25999999046325684,0.10133856302127242
collins,XGBoost,900,100,30,0.822949230670929,2.258777141571045,0.11890159547328949,0.28999999165534973,0.08399343094788492
connect-4,CatBoost,60801,6756,3,0.17734462022781372,0.3187253773212433,0.01282708253711462,0.8753700256347656,0.16661944496445358
connect-4,ExtraTrees,60801,6756,3,0.24985821545124054,0.4501490890979767,0.012148805893957615,0.8226761221885681,0.18581338902004063
connect-4,LightGBM,60801,6756,3,0.1775127351284027,0.3197169899940491,0.01313512958586216,0.8734458088874817,0.1641651620157063
connect-4,LinearModel,60801,6756,3,0.33452674746513367,0.5944727063179016,0.012915857136249542,0.757844865322113,0.18617479200474918
connect-4,NeuralNetFastAI,60801,6756,3,0.16660375893115997,0.29924362897872925,0.01755302958190441,0.8833629488945007,0.13522966601885855
connect-4,NeuralNetTorch,60801,6756,3,0.17500481009483337,0.3138577938079834,0.02228679321706295,0.8784784078598022,0.22079441812820733
connect-4,RandomForest,60801,6756,3,0.26074352860450745,0.4715643525123596,0.01642983965575695,0.8148312568664551,0.24371025385335088
connect-4,XGBoost,60801,6756,3,0.17840924859046936,0.320637583732605,0.01560339517891407,0.8738898634910583,0.15302302106283605
dilbert,CatBoost,9000,1000,5,0.02455395832657814,0.046984098851680756,0.007516277953982353,0.984000027179718,0.06895766290836036
dilbert,ExtraTrees,9000,1000,5,0.03646830841898918,0.07151618599891663,0.011579643934965134,0.9750000238418579,0.13970375200733542
dilbert,LightGBM,9000,1000,5,0.010828321799635887,0.02619125321507454,0.006368320435285568,0.9940000176429749,0.06406022910960019
dilbert,LinearModel,9000,1000,5,0.09083422273397446,0.16561277210712433,0.02310088835656643,0.9380000233650208,0.05275658518075943
dilbert,NeuralNetFastAI,9000,1000,5,0.019302984699606895,0.03768712282180786,0.008897494524717331,0.9890000224113464,0.05589024000801146
dilbert,NeuralNetTorch,9000,1000,5,0.013180270791053772,0.028588922694325447,0.01193799078464508,0.9919999837875366,0.038918096106499434
dilbert,RandomForest,9000,1000,5,0.06506405025720596,0.12404719740152359,0.015370292589068413,0.9570000171661377,0.11612707492895424
dilbert,XGBoost,9000,1000,5,0.020302625373005867,0.04210669919848442,0.008459723554551601,0.9850000143051147,0.04765811003744602
dna,CatBoost,2867,319,3,0.06354214251041412,0.12348964065313339,0.01871074177324772,0.9592476487159729,0.019193825079128146
dna,ExtraTrees,2867,319,3,0.08253656327724457,0.16209231317043304,0.03618646785616875,0.9404388666152954,0.0220366430003196
dna,LightGBM,2867,319,3,0.06238247826695442,0.11793126165866852,0.021857639774680138,0.962382435798645,0.015753481071442366
dna,LinearModel,2867,319,3,0.12283094227313995,0.2270963191986084,0.03225332126021385,0.9278996586799622,0.017903456930071115
dna,NeuralNetFastAI,2867,319,3,0.08187911659479141,0.15823259949684143,0.029773546382784843,0.9467084407806396,0.018139230087399483
dna,NeuralNetTorch,2867,319,3,0.08087220788002014,0.15605783462524414,0.019235845655202866,0.9498432874679565,0.012523720040917397
dna,RandomForest,2867,319,3,0.09172753244638443,0.17154842615127563,0.01340854074805975,0.9404388666152954,0.019946442916989326
dna,XGBoost,2867,319,3,0.06202336773276329,0.12195751816034317,0.024513818323612213,0.9592476487159729,0.016589733073487878
eucalyptus,CatBoost,662,74,5,0.40911319851875305,0.6863207817077637,0.08411037921905518,0.6891891956329346,0.021827240008860826
eucalyptus,ExtraTrees,662,74,5,0.3744507431983948,0.6408417224884033,0.09499731659889221,0.6891891956329346,0.01797875016927719
eucalyptus,LightGBM,662,74,5,0.3623256981372833,0.6308497190475464,0.09940065443515778,0.6891891956329346,0.013444479089230299
eucalyptus,LinearModel,662,74,5,0.4416700303554535,0.7485495805740356,0.11292998492717743,0.6486486196517944,0.013271695002913475
eucalyptus,NeuralNetFastAI,662,74,5,0.39783647656440735,0.6370386481285095,0.12520653009414673,0.6756756901741028,0.016167060006409883
eucalyptus,NeuralNetTorch,662,74,5,0.42572683095932007,0.6685134172439575,0.07727004587650299,0.662162184715271,0.013763418886810541
eucalyptus,RandomForest,662,74,5,0.4032413363456726,0.6881494522094727,0.07455192506313324,0.662162184715271,0.016135555924847722
eucalyptus,XGBoost,662,74,5,0.4112427532672882,0.7171716690063477,0.11696426570415497,0.6756756901741028,0.016434530029073358
eye_movements,CatBoost,9842,1094,3,0.3526003062725067,0.596348226070404,0.03095053695142269,0.7385740280151367,0.024099584203213453
eye_movements,ExtraTrees,9842,1094,3,0.31863293051719666,0.5480921268463135,0.03566355258226395,0.7751371264457703,0.0672090940643102
eye_movements,LightGBM,9842,1094,3,0.2785545587539673,0.48651206493377686,0.033683426678180695,0.8135283589363098,0.026987230870872736
eye_movements,LinearModel,9842,1094,3,0.5634633302688599,0.917356550693512,0.029043925926089287,0.513711154460907,0.05009540496394038
eye_movements,NeuralNetFastAI,9842,1094,3,0.4335147738456726,0.7208000421524048,0.04855089634656906,0.6736745834350586,0.040211394196376204
eye_movements,NeuralNetTorch,9842,1094,3,0.41697219014167786,0.6945039629936218,0.0653056651353836,0.690127968788147,0.02914442215114832
eye_movements,RandomForest,9842,1094,3,0.38158515095710754,0.6612894535064697,0.0372043214738369,0.7202925086021423,0.04908931697718799
eye_movements,XGBoost,9842,1094,3,0.3183991611003876,0.5464927554130554,0.03956685587763786,0.7742230296134949,0.02695131697691977
fabert,CatBoost,7413,824,7,0.35447704792022705,0.7169997096061707,0.0501733273267746,0.7342233061790466,0.09656898397952318
fabert,ExtraTrees,7413,824,7,0.373102068901062,0.7414095401763916,0.03332212567329407,0.7099514603614807,0.08450761600397527
fabert,LightGBM,7413,824,7,0.35699591040611267,0.7074316143989563,0.04774967581033707,0.7184466123580933,0.09587481804192066
fabert,LinearModel,7413,824,7,0.4820517897605896,1.0009089708328247,0.07967051863670349,0.625,0.15485871396958828
fabert,NeuralNetFastAI,7413,824,7,0.38594162464141846,0.7771697044372559,0.03967229276895523,0.708737850189209,0.09522969811223447
fabert,NeuralNetTorch,7413,824,7,0.4151391386985779,0.8407610058784485,0.08514560759067535,0.7063106894493103,0.08894971082918346
fabert,RandomForest,7413,824,7,0.3844261169433594,0.7791150808334351,0.03525374457240105,0.7026699185371399,0.09491854486986995
fabert,XGBoost,7413,824,7,0.3605135977268219,0.7386849522590637,0.03471207618713379,0.7245145440101624,0.10006308695301414
first-order-theorem-proving,CatBoost,5506,612,6,0.5049277544021606,1.0343382358551025,0.06308437138795853,0.6241829991340637,0.05735925817862153
first-order-theorem-proving,ExtraTrees,5506,612,6,0.5098156332969666,1.0506280660629272,0.046360477805137634,0.6029411554336548,0.0467291718814522
first-order-theorem-proving,LightGBM,5506,612,6,0.508348286151886,1.045705795288086,0.040973175317049026,0.6127451062202454,0.049441091949120164
first-order-theorem-proving,LinearModel,5506,612,6,0.6450445652008057,1.3710668087005615,0.049878399819135666,0.48366013169288635,0.047340007964521646
first-order-theorem-proving,NeuralNetFastAI,5506,612,6,0.5577830672264099,1.155314564704895,0.04876311868429184,0.5718954205513,0.06125807203352451
first-order-theorem-proving,NeuralNetTorch,5506,612,6,0.5413274168968201,1.1181608438491821,0.02972344309091568,0.576797366142273,0.03760049701668322
first-order-theorem-proving,RandomForest,5506,612,6,0.5063917636871338,1.0447816848754883,0.031339794397354126,0.6094771027565002,0.05215046601369977
first-order-theorem-proving,XGBoost,5506,612,6,0.5029345750808716,1.0346859693527222,0.04554842412471771,0.6241829991340637,0.04161583096720278
har,CatBoost,9269,1030,6,0.004717282019555569,0.008520830422639847,0.005968458019196987,0.9961165189743042,0.1262935809791088
har,ExtraTrees,9269,1030,6,0.017881887033581734,0.03123103827238083,0.008887103758752346,0.9873786568641663,0.28903937805444
har,LightGBM,9269,1030,6,0.0018480359576642513,0.004894412588328123,0.004285805393010378,1.0,0.04109099297784269
har,LinearModel,9269,1030,6,0.015079199336469173,0.02706868201494217,0.008807522244751453,0.9902912378311157,0.14171829307451844
har,NeuralNetFastAI,9269,1030,6,0.006840328685939312,0.013872661627829075,0.007742437534034252,0.9970873594284058,0.13596471305936575
har,NeuralNetTorch,9269,1030,6,0.010527162812650204,0.0209206510335207,0.005112607032060623,0.9941747784614563,0.22110801399685442
har,RandomForest,9269,1030,6,0.028479350730776787,0.05111777409911156,0.008546022698283195,0.9825242757797241,0.22193624102510512
har,XGBoost,9269,1030,6,0.005195323843508959,0.009388935752213001,0.005620752461254597,0.9980582594871521,0.2382968480233103
isolet,CatBoost,7017,780,26,0.07166214287281036,0.1338636726140976,0.02067067287862301,0.9461538195610046,0.14929749513976276
isolet,ExtraTrees,7017,780,26,0.08813322335481644,0.1794380396604538,0.02299165539443493,0.9371795058250427,0.45882765599526465
isolet,LightGBM,7017,780,26,0.05133583024144173,0.13518865406513214,0.010649282485246658,0.964102566242218,0.29522960097528994
isolet,LinearModel,7017,780,26,0.0602671355009079,0.12797586619853973,0.011550664901733398,0.9576923251152039,0.45029850490391254
isolet,NeuralNetFastAI,7017,780,26,0.044748857617378235,0.21221742033958435,0.008139504119753838,0.9692307710647583,1.1155219671782106
isolet,NeuralNetTorch,7017,780,26,0.05667414143681526,0.12315183132886887,0.014940841123461723,0.9628205299377441,0.3321809940971434
isolet,RandomForest,7017,780,26,0.10868188738822937,0.23356863856315613,0.017087422311306,0.9179487228393555,0.2537985669914633
isolet,XGBoost,7017,780,26,0.0629960149526596,0.13574253022670746,0.010739338584244251,0.9551281929016113,0.13194218021817505
jungle_chess_2pcs_raw_endgame_complete,CatBoost,40337,4482,3,0.1643521934747696,0.24825488030910492,0.04012105241417885,0.8612226843833923,0.06376836006529629
jungle_chess_2pcs_raw_endgame_complete,ExtraTrees,40337,4482,3,0.18742039799690247,0.28874772787094116,0.05846123397350311,0.8255243301391602,0.13515633717179298
jungle_chess_2pcs_raw_endgame_complete,LightGBM,40337,4482,3,0.14391541481018066,0.21497461199760437,0.04813239723443985,0.8659080862998962,0.0687022190541029
jungle_chess_2pcs_raw_endgame_complete,LinearModel,40337,4482,3,0.4329127073287964,0.7304393649101257,0.018197523429989815,0.6742525696754456,0.10546639608219266
jungle_chess_2pcs_raw_endgame_complete,NeuralNetFastAI,40337,4482,3,0.10401871800422668,0.15401318669319153,0.0163542740046978,0.9065149426460266,0.12272865395061672
jungle_chess_2pcs_raw_endgame_complete,NeuralNetTorch,40337,4482,3,0.024529486894607544,0.043026089668273926,0.015038890764117241,0.9857206344604492,0.07891168678179383
jungle_chess_2pcs_raw_endgame_complete,RandomForest,40337,4482,3,0.1904660314321518,0.2948743999004364,0.05422143638134003,0.8219544887542725,0.07706303405575454
jungle_chess_2pcs_raw_endgame_complete,XGBoost,40337,4482,3,0.1387796252965927,0.20730595290660858,0.03502032160758972,0.8801873922348022,0.07035237387754023
kr-vs-k,CatBoost,25250,2806,18,0.13024230301380157,0.2639594078063965,0.03205069899559021,0.9183891415596008,0.5821736860089004
kr-vs-k,ExtraTrees,25250,2806,18,0.17666752636432648,0.40867796540260315,0.04906832426786423,0.884889543056488,0.7850860541220754
kr-vs-k,LightGBM,25250,2806,18,0.11930151283740997,0.23991826176643372,0.04246096312999725,0.9272986650466919,0.4781847840640694
kr-vs-k,LinearModel,25250,2806,18,0.7917381525039673,1.8389456272125244,0.04274182394146919,0.3371347188949585,0.5821856029797345
kr-vs-k,NeuralNetFastAI,25250,2806,18,0.15744107961654663,0.289948046207428,0.04209035634994507,0.8941553831100464,0.6850583679042757
kr-vs-k,NeuralNetTorch,25250,2806,18,0.11469146609306335,0.2139330357313156,0.045264847576618195,0.9244475960731506,0.669355602003634
kr-vs-k,RandomForest,25250,2806,18,0.17315791547298431,0.4106229543685913,0.06063259765505791,0.8898788094520569,0.4654661980457604
kr-vs-k,XGBoost,25250,2806,18,0.11648313701152802,0.23108047246932983,0.03184708580374718,0.928011417388916,0.49042498879134655
led24,CatBoost,2880,320,10,0.39780083298683167,0.8259940147399902,0.08879275619983673,0.7124999761581421,0.03464046586304903
led24,ExtraTrees,2880,320,10,0.3969652056694031,0.8128520846366882,0.06641241163015366,0.7124999761581421,0.03598627704195678
led24,LightGBM,2880,320,10,0.39973580837249756,0.8356119394302368,0.0558035708963871,0.7124999761581421,0.028961949981749058
led24,LinearModel,2880,320,10,0.39612412452697754,0.8173376321792603,0.060670334845781326,0.715624988079071,0.03408536221832037
led24,NeuralNetFastAI,2880,320,10,0.38292962312698364,0.7968279123306274,0.04102153703570366,0.7281249761581421,0.040369840105995536
led24,NeuralNetTorch,2880,320,10,0.38433951139450073,0.792170524597168,0.06651093810796738,0.734375,0.052014013985171914
led24,RandomForest,2880,320,10,0.3936537206172943,0.8058068156242371,0.06532435119152069,0.721875011920929,0.03581467201001942
led24,XGBoost,2880,320,10,0.398989200592041,0.8373541831970215,0.07787977159023285,0.715624988079071,0.03051333804614842
letter,CatBoost,18000,2000,26,0.03332408517599106,0.06930233538150787,0.0055863759480416775,0.9785000085830688,0.24136530584655702
letter,ExtraTrees,18000,2000,26,0.04088520631194115,0.08440583944320679,0.007901335135102272,0.9739999771118164,0.671821896918118
letter,LightGBM,18000,2000,26,0.033593785017728806,0.07300091534852982,0.008505786769092083,0.9779999852180481,0.2514927010051906
letter,LinearModel,18000,2000,26,0.30496200919151306,0.796048641204834,0.055697981268167496,0.7985000014305115,0.20339326816610992
letter,NeuralNetFastAI,18000,2000,26,0.020346207544207573,0.041803959757089615,0.008038175292313099,0.9860000014305115,0.2314981350209564
letter,NeuralNetTorch,18000,2000,26,0.021412823349237442,0.04149946942925453,0.006424622144550085,0.9850000143051147,0.16426511807367206
letter,RandomForest,18000,2000,26,0.052724823355674744,0.11463065445423126,0.017112307250499725,0.9674999713897705,0.3908389590214938
letter,XGBoost,18000,2000,26,0.03759937360882759,0.07977046072483063,0.005916920490562916,0.9760000109672546,0.1751432700548321
mfeat-factors,CatBoost,1800,200,10,0.048225630074739456,0.11382361501455307,0.027840182185173035,0.9750000238418579,0.054017688147723675
mfeat-factors,ExtraTrees,1800,200,10,0.050239186733961105,0.1258455365896225,0.02119077369570732,0.9700000286102295,0.07971055805683136
mfeat-factors,LightGBM,1800,200,10,0.043700121343135834,0.10554966330528259,0.022880667820572853,0.9800000190734863,0.04980319598689675
mfeat-factors,LinearModel,1800,200,10,0.03267839550971985,0.0805700495839119,0.018758488819003105,0.9800000190734863,0.04636595002375543
mfeat-factors,NeuralNetFastAI,1800,200,10,0.03259784355759621,0.053850237280130386,0.01859726570546627,0.9750000238418579,0.05330009595490992
mfeat-factors,NeuralNetTorch,1800,200,10,0.03278868645429611,0.11865399032831192,0.01637347787618637,0.9850000143051147,0.06122093088924885
mfeat-factors,RandomForest,1800,200,10,0.05419781804084778,0.11679510772228241,0.023622499778866768,0.9700000286102295,0.07671558018773794
mfeat-factors,XGBoost,1800,200,10,0.04459564760327339,0.10513465851545334,0.0229792520403862,0.9750000238418579,0.04438017797656357
micro-mass,CatBoost,513,58,20,0.05209573358297348,0.10152402520179749,0.04817024618387222,0.9655172228813171,0.1262787540908903
micro-mass,ExtraTrees,513,58,20,0.08339756727218628,0.1490483433008194,0.09227729588747025,0.931034505367279,0.23812510096468031
micro-mass,LightGBM,513,58,20,0.09101150929927826,0.15351061522960663,0.061977073550224304,0.931034505367279,0.08033530390821397
micro-mass,LinearModel,513,58,20,0.07558123767375946,0.14311514794826508,0.052274178713560104,0.9482758641242981,0.09883650788106024
micro-mass,NeuralNetFastAI,513,58,20,0.2039831131696701,0.4395134150981903,0.1318308264017105,0.8793103694915771,0.0688137928955257
micro-mass,NeuralNetTorch,513,58,20,0.08688030391931534,0.20332928001880646,0.04999437928199768,0.9482758641242981,0.03010395192541182
micro-mass,RandomForest,513,58,20,0.08996874839067459,0.15557211637496948,0.07112723588943481,0.931034505367279,0.26070823706686497
micro-mass,XGBoost,513,58,20,0.1395747810602188,0.2564440071582794,0.07001936435699463,0.8793103694915771,0.16724873497150838
microaggregation2,CatBoost,18000,2000,5,0.4814784526824951,0.9071778059005737,0.026817703619599342,0.637499988079071,0.10905260709114373
microaggregation2,ExtraTrees,18000,2000,5,0.4910055994987488,0.9311527013778687,0.019205085933208466,0.6259999871253967,0.12470498611219227
microaggregation2,LightGBM,18000,2000,5,0.477278470993042,0.8944210410118103,0.021381773054599762,0.6380000114440918,0.11560866702347994
microaggregation2,LinearModel,18000,2000,5,0.5534425377845764,1.044047236442566,0.021448073908686638,0.5839999914169312,0.15725892200134695
microaggregation2,NeuralNetFastAI,18000,2000,5,0.4573717415332794,0.8574624061584473,0.018081720918416977,0.652999997138977,0.11469980399124324
microaggregation2,NeuralNetTorch,18000,2000,5,0.46614721417427063,0.8727993369102478,0.028705192729830742,0.6455000042915344,0.12039661011658609
microaggregation2,RandomForest,18000,2000,5,0.4939994812011719,0.934432864189148,0.02296333760023117,0.6330000162124634,0.09009905299171805
microaggregation2,XGBoost,18000,2000,5,0.47990524768829346,0.9007052183151245,0.020908942446112633,0.6315000057220459,0.11550226504914463
okcupid-stem,CatBoost,45710,5079,3,0.3358999490737915,0.5626933574676514,0.010294495150446892,0.7625516653060913,0.13016099319793284
okcupid-stem,ExtraTrees,45710,5079,3,0.35495561361312866,0.5900999903678894,0.011935221031308174,0.7456192374229431,0.13887503906153142
okcupid-stem,LightGBM,45710,5079,3,0.3391105532646179,0.5653363466262817,0.017509885132312775,0.758417010307312,0.12419235100969672
okcupid-stem,LinearModel,45710,5079,3,0.3448817729949951,0.5758249163627625,0.01647856831550598,0.7566450238227844,0.1311473031528294
okcupid-stem,NeuralNetFastAI,45710,5079,3,0.34196746349334717,0.5696695446968079,0.015375405550003052,0.7582201361656189,0.1416231777984649
okcupid-stem,NeuralNetTorch,45710,5079,3,0.3374282121658325,0.5637018084526062,0.015446473844349384,0.7629454731941223,0.07465568883344531
okcupid-stem,RandomForest,45710,5079,3,0.3542543351650238,0.5889567136764526,0.013160556554794312,0.7458161115646362,0.15755156590603292
okcupid-stem,XGBoost,45710,5079,3,0.338914692401886,0.5657249689102173,0.014182694256305695,0.7599921226501465,0.12069476395845413
optdigits,CatBoost,5058,562,10,0.020890910178422928,0.04767966270446777,0.004461848177015781,0.9875444769859314,0.06001479993574321
optdigits,ExtraTrees,5058,562,10,0.02285796031355858,0.05171310156583786,0.010649695061147213,0.9839857816696167,0.17558852094225585
optdigits,LightGBM,5058,562,10,0.018435373902320862,0.04301004856824875,0.006210346706211567,0.9893238544464111,0.0777884740382433
optdigits,LinearModel,5058,562,10,0.05396314710378647,0.09392908960580826,0.015161151066422462,0.9679715037345886,0.061453890055418015
optdigits,NeuralNetFastAI,5058,562,10,0.019587311893701553,0.037385132163763046,0.008185036480426788,0.9893238544464111,0.06709878309629858
optdigits,NeuralNetTorch,5058,562,10,0.01357831247150898,0.030566653236746788,0.01256331242620945,0.9928825497627258,0.08378857001662254
optdigits,RandomForest,5058,562,10,0.04025951027870178,0.08061853051185608,0.016206584870815277,0.9679715037345886,0.15681961202062666
optdigits,XGBoost,5058,562,10,0.03146456554532051,0.060414452105760574,0.011012092232704163,0.9786477088928223,0.06644894508644938
page-blocks,CatBoost,4925,548,5,0.04320542514324188,0.08735588192939758,0.007592387963086367,0.970802903175354,0.050384096102789044
page-blocks,ExtraTrees,4925,548,5,0.04262197017669678,0.11658059060573578,0.008992320857942104,0.974452555179596,0.0470811421982944
page-blocks,LightGBM,4925,548,5,0.042207349091768265,0.08740971237421036,0.010921887122094631,0.9689781069755554,0.05487615708261728
page-blocks,LinearModel,4925,548,5,0.046360261738300323,0.09947370737791061,0.016371702775359154,0.9671533107757568,0.05211349413730204
page-blocks,NeuralNetFastAI,4925,548,5,0.05100158601999283,0.10407162457704544,0.011698736809194088,0.9635036587715149,0.05689408699981868
page-blocks,NeuralNetTorch,4925,548,5,0.037520572543144226,0.08383777737617493,0.013303657062351704,0.974452555179596,0.044130997033789754
page-blocks,RandomForest,4925,548,5,0.040849581360816956,0.10003455728292465,0.009969908744096756,0.970802903175354,0.048665032954886556
page-blocks,XGBoost,4925,548,5,0.04128899425268173,0.08347540348768234,0.012700061313807964,0.9762773513793945,0.05249490006826818
pendigits,CatBoost,9892,1100,10,0.0053797150030732155,0.010370412841439247,0.0027906803879886866,0.9954545497894287,0.14792697899974883
pendigits,ExtraTrees,9892,1100,10,0.009316532872617245,0.019712846726179123,0.0026516071520745754,0.9936363697052002,0.24976996192708611
pendigits,LightGBM,9892,1100,10,0.009020782075822353,0.017089257016777992,0.00490473210811615,0.9945454597473145,0.17083527194336057
pendigits,LinearModel,9892,1100,10,0.07097884267568588,0.14649280905723572,0.02192762866616249,0.9572727084159851,0.1625642857979983
pendigits,NeuralNetFastAI,9892,1100,10,0.004700958728790283,0.010957685299217701,0.0031471485272049904,0.9981818199157715,0.11956203612498939
pendigits,NeuralNetTorch,9892,1100,10,0.003116603707894683,0.00690864771604538,0.004872266203165054,0.9972727298736572,0.4437376679852605
pendigits,RandomForest,9892,1100,10,0.017315976321697235,0.03197449818253517,0.00834774412214756,0.9881818294525146,0.22230681404471397
pendigits,XGBoost,9892,1100,10,0.011141853407025337,0.02185150422155857,0.004452756606042385,0.9936363697052002,0.13854206795804203
robert,CatBoost,9000,1000,10,0.5925513505935669,1.3042447566986084,0.04418192058801651,0.5519999861717224,0.08295633411034942
robert,ExtraTrees,9000,1000,10,0.6642335057258606,1.5215497016906738,0.0555470772087574,0.4690000116825104,0.1953464657999575
robert,LightGBM,9000,1000,10,0.569564700126648,1.2498847246170044,0.03583094850182533,0.5580000281333923,0.06880207918584347
robert,LinearModel,9000,1000,10,0.7796844840049744,1.845129132270813,0.07596931606531143,0.3490000069141388,0.27807116392068565
robert,NeuralNetFastAI,9000,1000,10,0.6582077741622925,1.4795570373535156,0.040822386741638184,0.4729999899864197,0.10292349685914814
robert,NeuralNetTorch,9000,1000,10,0.6481079459190369,1.4673813581466675,0.04938100278377533,0.49000000953674316,0.091113172005862
robert,RandomForest,9000,1000,10,0.6693625450134277,1.539239764213562,0.03588877245783806,0.47099998593330383,0.1898129340261221
robert,XGBoost,9000,1000,10,0.6045364141464233,1.3391191959381104,0.04174705594778061,0.5249999761581421,0.2087497957982123
satimage,CatBoost,5787,643,6,0.11619115620851517,0.20374982059001923,0.015523834154009819,0.9160186648368835,0.09715052088722587
satimage,ExtraTrees,5787,643,6,0.11846769601106644,0.20917099714279175,0.02001716010272503,0.9129082560539246,0.09411285608075559
satimage,LightGBM,5787,643,6,0.11835839599370956,0.2084108293056488,0.014073100872337818,0.917573869228363,0.07448893506079912
satimage,LinearModel,5787,643,6,0.18828551471233368,0.33577200770378113,0.03725477680563927,0.8600311279296875,0.04982621315866709
satimage,NeuralNetFastAI,5787,643,6,0.10918472707271576,0.18588565289974213,0.02172844111919403,0.920684278011322,0.07440476398915052
satimage,NeuralNetTorch,5787,643,6,0.11270387470722198,0.1925986409187317,0.022394098341464996,0.917573869228363,0.0772190389689058
satimage,RandomForest,5787,643,6,0.12216509133577347,0.2191229909658432,0.01743685081601143,0.9191290736198425,0.08289490197785199
satimage,XGBoost,5787,643,6,0.11520490050315857,0.2146475464105606,0.01187903806567192,0.9253499507904053,0.087968337116763
segment,CatBoost,2079,231,7,0.029856983572244644,0.07565827667713165,0.021376989781856537,0.9870129823684692,0.10377974389120936
segment,ExtraTrees,2079,231,7,0.0304904542863369,0.10895594209432602,0.018503407016396523,0.9783549904823303,0.09347180812619627
segment,LightGBM,2079,231,7,0.03691795840859413,0.09067978709936142,0.012749383226037025,0.9783549904823303,0.046246783109381795
segment,LinearModel,2079,231,7,0.04579541087150574,0.09821557998657227,0.025639677420258522,0.9783549904823303,0.0726638410706073
segment,NeuralNetFastAI,2079,231,7,0.03646913170814514,0.07146060466766357,0.029601724818348885,0.9783549904823303,0.04340544599108398
segment,NeuralNetTorch,2079,231,7,0.03142334520816803,0.0630127340555191,0.0337822288274765,0.9913420081138611,0.15453055687248707
segment,RandomForest,2079,231,7,0.03250397741794586,0.0986679345369339,0.01242066640406847,0.9783549904823303,0.30331198405474424
segment,XGBoost,2079,231,7,0.04113205894827843,0.09400811046361923,0.01750434935092926,0.9740259647369385,0.08506530593149364
semeion,CatBoost,1433,160,10,0.0964815765619278,0.20331010222434998,0.03425462171435356,0.9375,0.028653062880039215
semeion,ExtraTrees,1433,160,10,0.15379923582077026,0.3824536204338074,0.04531396925449371,0.893750011920929,0.058211315888911486
semeion,LightGBM,1433,160,10,0.13014771044254303,0.27908235788345337,0.050602708011865616,0.9125000238418579,0.029611865058541298
semeion,LinearModel,1433,160,10,0.13626238703727722,0.27692434191703796,0.05159357562661171,0.90625,0.031108287861570716
semeion,NeuralNetFastAI,1433,160,10,0.10158707201480865,0.20117588341236115,0.039283499121665955,0.9312499761581421,0.03324770415201783
semeion,NeuralNetTorch,1433,160,10,0.10793845355510712,0.21187672019004822,0.059771593660116196,0.925000011920929,0.0324494878295809
semeion,RandomForest,1433,160,10,0.15467430651187897,0.3741832673549652,0.07723373174667358,0.8812500238418579,0.04920049989596009
semeion,XGBoost,1433,160,10,0.13335132598876953,0.28680792450904846,0.06213860958814621,0.90625,0.027482425095513463
soybean,CatBoost,614,69,19,0.09620083123445511,0.1656547337770462,0.0655967965722084,0.95652174949646,0.01333623006939888
soybean,ExtraTrees,614,69,19,0.0903724879026413,0.14036229252815247,0.045885030180215836,0.9420289993286133,0.027794554131105542
soybean,LightGBM,614,69,19,0.07015778869390488,0.1213521808385849,0.04069168493151665,0.95652174949646,0.038147710962221026
soybean,LinearModel,614,69,19,0.11383601278066635,0.23098185658454895,0.0641401931643486,0.9275362491607666,0.112270476995036
soybean,NeuralNetFastAI,614,69,19,0.09872642904520035,0.15789875388145447,0.05448397994041443,0.9420289993286133,0.14298048405908048
soybean,NeuralNetTorch,614,69,19,0.12393736839294434,0.21483232080936432,0.07633493840694427,0.9130434989929199,0.021532195154577494
soybean,RandomForest,614,69,19,0.09324660152196884,0.14237071573734283,0.05089564621448517,0.9420289993286133,0.05126534006558359
soybean,XGBoost,614,69,19,0.09551557153463364,0.18323363363742828,0.06680266559123993,0.9420289993286133,0.020254207076504827
splice,CatBoost,2871,319,3,0.056729625910520554,0.10844599455595016,0.020771170035004616,0.962382435798645,0.015479208203032613
splice,ExtraTrees,2871,319,3,0.08212045580148697,0.1481657326221466,0.03274863213300705,0.9435736536979675,0.017365243984386325
splice,LightGBM,2871,319,3,0.06163865700364113,0.11842195689678192,0.01703866384923458,0.962382435798645,0.013149157166481018
splice,LinearModel,2871,319,3,0.09297739714384079,0.1854696273803711,0.03004138544201851,0.9435736536979675,0.02429626788944006
splice,NeuralNetFastAI,2871,319,3,0.056250713765621185,0.10862645506858826,0.016443049535155296,0.9592476487159729,0.015347150852903724
splice,NeuralNetTorch,2871,319,3,0.06524848937988281,0.12494133412837982,0.021508418023586273,0.9561128616333008,0.014217319199815392
splice,RandomForest,2871,319,3,0.0821070745587349,0.14465250074863434,0.03539498895406723,0.9404388666152954,0.017359968042001128
splice,XGBoost,2871,319,3,0.05382726341485977,0.10030200332403183,0.0121243204921484,0.9655172228813171,0.014243756886571646
steel-plates-fault,CatBoost,1746,195,7,0.2388186901807785,0.4615190625190735,0.0598771907389164,0.8153846263885498,0.04468270717188716
steel-plates-fault,ExtraTrees,1746,195,7,0.2611357569694519,0.4969862401485443,0.05258970707654953,0.8153846263885498,0.043887770967558026
steel-plates-fault,LightGBM,1746,195,7,0.2436877340078354,0.48141270875930786,0.05643533542752266,0.8307692408561707,0.0479629950132221
steel-plates-fault,LinearModel,1746,195,7,0.35186442732810974,0.6783417463302612,0.07706859707832336,0.7589743733406067,0.040906763868406415
steel-plates-fault,NeuralNetFastAI,1746,195,7,0.3055301904678345,0.5781693458557129,0.09133831411600113,0.7846153974533081,0.04344176687300205
steel-plates-fault,NeuralNetTorch,1746,195,7,0.33062928915023804,0.6061064600944519,0.06562329828739166,0.7333333492279053,0.039507863111793995
steel-plates-fault,RandomForest,1746,195,7,0.2532235383987427,0.5284047722816467,0.05218205228447914,0.8205128312110901,0.038713076850399375
steel-plates-fault,XGBoost,1746,195,7,0.24178437888622284,0.4858880937099457,0.05336789786815643,0.8358974456787109,0.044801773969084024
synthetic_control,CatBoost,540,60,6,0.0006064029294066131,0.005491314455866814,0.005325064994394779,1.0,0.05203140596859157
synthetic_control,ExtraTrees,540,60,6,0.00507011404260993,0.012319709174335003,0.010632594116032124,1.0,0.07739023887552321
synthetic_control,LightGBM,540,60,6,6.840706191724166e-05,0.0013725230237469077,0.001355290412902832,1.0,0.02594146504998207
synthetic_control,LinearModel,540,60,6,0.0003510596579872072,0.004942147061228752,0.004851162433624268,1.0,0.044243600917980075
synthetic_control,NeuralNetFastAI,540,60,6,6.328640665742569e-06,0.0002610624651424587,0.00025963783264160156,1.0,0.0345867769792676
synthetic_control,NeuralNetTorch,540,60,6,0.06660858541727066,0.3789248764514923,0.03331869840621948,0.9666666388511658,0.04911047616042197
synthetic_control,RandomForest,540,60,6,0.0014263895573094487,0.00860487762838602,0.008217141963541508,1.0,0.09055582503788173
synthetic_control,XGBoost,540,60,6,0.0012590686092153192,0.008601810783147812,0.008232432417571545,1.0,0.08484781393781304
texture,CatBoost,4950,550,11,0.012402628548443317,0.022138649597764015,0.007264185231178999,0.9927272796630859,0.06640783906914294
texture,ExtraTrees,4950,550,11,0.021251246333122253,0.039927318692207336,0.0071984040550887585,0.9854545593261719,0.3659231730271131
texture,LightGBM,4950,550,11,0.0062146494165062904,0.013592285104095936,0.004691011738032103,0.996363639831543,0.21306985896080732
texture,LinearModel,4950,550,11,0.010125280357897282,0.0344659760594368,0.005104650743305683,0.9945454597473145,0.05501619400456548
texture,NeuralNetFastAI,4950,550,11,0.010212617926299572,0.09362801164388657,0.005271792411804199,0.9945454597473145,0.22979620494879782
texture,NeuralNetTorch,4950,550,11,0.004289594013243914,0.05609121546149254,0.002535797655582428,0.9981818199157715,0.036147647770121694
texture,RandomForest,4950,550,11,0.027508050203323364,0.04967344179749489,0.01052919402718544,0.9836363792419434,0.09260232280939817
texture,XGBoost,4950,550,11,0.015719350427389145,0.029020648449659348,0.004580124747008085,0.9890909194946289,0.15917804487980902
vehicle,CatBoost,761,85,4,0.27248871326446533,0.44746893644332886,0.0898127406835556,0.7764706015586853,0.01922603277489543
vehicle,ExtraTrees,761,85,4,0.26383447647094727,0.45288822054862976,0.06222839653491974,0.7882353067398071,0.03229200607165694
vehicle,LightGBM,761,85,4,0.2613906264305115,0.4245798885822296,0.08525168150663376,0.8235294222831726,0.02369807893410325
vehicle,LinearModel,761,85,4,0.21198606491088867,0.3378778398036957,0.07550966739654541,0.8352941274642944,0.015797324012964964
vehicle,NeuralNetFastAI,761,85,4,0.17612199485301971,0.2970496714115143,0.05510568991303444,0.8823529481887817,0.018863159930333495
vehicle,NeuralNetTorch,761,85,4,0.18049514293670654,0.29948657751083374,0.07013493776321411,0.8588235378265381,0.026305819861590862
vehicle,RandomForest,761,85,4,0.27330484986305237,0.4552277624607086,0.07600554823875427,0.800000011920929,0.02910632803104818
vehicle,XGBoost,761,85,4,0.26865363121032715,0.45172935724258423,0.06698564440011978,0.800000011920929,0.018103219103068113
volcanoes-a2,CatBoost,1460,163,5,0.11031950265169144,0.23470526933670044,0.045981306582689285,0.907975435256958,0.026330885011702776
volcanoes-a2,ExtraTrees,1460,163,5,0.11182761937379837,0.24286651611328125,0.053917303681373596,0.9141104221343994,0.039195672143250704
volcanoes-a2,LightGBM,1460,163,5,0.10570862889289856,0.22746646404266357,0.04377840459346771,0.9263803958892822,0.041730432072654366
volcanoes-a2,LinearModel,1460,163,5,0.11000064760446548,0.23787808418273926,0.05138394236564636,0.9263803958892822,0.022153030848130584
volcanoes-a2,NeuralNetFastAI,1460,163,5,0.10880210250616074,0.2338009923696518,0.052597418427467346,0.9202454090118408,0.019801259972155094
volcanoes-a2,NeuralNetTorch,1460,163,5,0.10968942195177078,0.2344203144311905,0.03770459070801735,0.9202454090118408,0.020481768064200878
volcanoes-a2,RandomForest,1460,163,5,0.1136169582605362,0.24684178829193115,0.05656292289495468,0.9141104221343994,0.031519727082923055
volcanoes-a2,XGBoost,1460,163,5,0.10673540830612183,0.23655478656291962,0.052177466452121735,0.9263803958892822,0.0342449969612062
volcanoes-a3,CatBoost,1368,153,5,0.14224164187908173,0.30548012256622314,0.07344996184110641,0.9084967374801636,0.02773797116242349
volcanoes-a3,ExtraTrees,1368,153,5,0.14049690961837769,0.3015742003917694,0.03779611364006996,0.8954248428344727,0.040277624037116766
volcanoes-a3,LightGBM,1368,153,5,0.1409578025341034,0.2993594706058502,0.05422554165124893,0.9019607901573181,0.03660928597673774
volcanoes-a3,LinearModel,1368,153,5,0.14263056218624115,0.31191110610961914,0.050845611840486526,0.8823529481887817,0.018918607151135802
volcanoes-a3,NeuralNetFastAI,1368,153,5,0.14278645813465118,0.314072847366333,0.047050777822732925,0.8888888955116272,0.03025818499736488
volcanoes-a3,NeuralNetTorch,1368,153,5,0.14032834768295288,0.30293190479278564,0.03854851424694061,0.9019607901573181,0.029019161127507687
volcanoes-a3,RandomForest,1368,153,5,0.14330516755580902,0.31008458137512207,0.05341775715351105,0.8954248428344727,0.03511879104189575
volcanoes-a3,XGBoost,1368,153,5,0.14973224699497223,0.3203362822532654,0.06779226660728455,0.8954248428344727,0.03145139594562352
volcanoes-a4,CatBoost,1363,152,5,0.13076426088809967,0.30843132734298706,0.058769162744283676,0.9210526347160339,0.02820094581693411
volcanoes-a4,ExtraTrees,1363,152,5,0.12944932281970978,0.29647812247276306,0.040314264595508575,0.9078947305679321,0.03774536307901144
volcanoes-a4,LightGBM,1363,152,5,0.12764912843704224,0.29114004969596863,0.045400042086839676,0.9210526347160339,0.04631147417239845
volcanoes-a4,LinearModel,1363,152,5,0.1313360631465912,0.303469717502594,0.03681621700525284,0.9144737124443054,0.024183579022064805
volcanoes-a4,NeuralNetFastAI,1363,152,5,0.13050217926502228,0.3001585602760315,0.04902733117341995,0.9078947305679321,0.0189401691313833
volcanoes-a4,NeuralNetTorch,1363,152,5,0.12904688715934753,0.2923935353755951,0.042959436774253845,0.9144737124443054,0.03882067301310599
volcanoes-a4,RandomForest,1363,152,5,0.13473720848560333,0.31084007024765015,0.027474582195281982,0.9013158082962036,0.03621435794048011
volcanoes-a4,XGBoost,1363,152,5,0.13115830719470978,0.3105982840061188,0.057739026844501495,0.9210526347160339,0.023821850074455142
volcanoes-b1,CatBoost,9158,1018,5,0.054157555103302,0.13904628157615662,0.00813376996666193,0.968565821647644,0.06620877794921398
volcanoes-b1,ExtraTrees,9158,1018,5,0.05367488041520119,0.14132821559906006,0.00665714917704463,0.968565821647644,0.1668242011219263
volcanoes-b1,LightGBM,9158,1018,5,0.055431921035051346,0.14476095139980316,0.008477688767015934,0.9666011929512024,0.12977028591558337
volcanoes-b1,LinearModel,9158,1018,5,0.05439060553908348,0.14201417565345764,0.008017842657864094,0.968565821647644,0.06393373711034656
volcanoes-b1,NeuralNetFastAI,9158,1018,5,0.05444059893488884,0.14187605679035187,0.004852466285228729,0.9675834774971008,0.06296659586951137
volcanoes-b1,NeuralNetTorch,9158,1018,5,0.05475499853491783,0.14243274927139282,0.006905118003487587,0.9675834774971008,0.0833350878674537
volcanoes-b1,RandomForest,9158,1018,5,0.0544319748878479,0.14203400909900665,0.006811991333961487,0.9675834774971008,0.14691201597452164
volcanoes-b1,XGBoost,9158,1018,5,0.05440521985292435,0.14208154380321503,0.011045904830098152,0.968565821647644,0.10766102303750813
volcanoes-b2,CatBoost,9601,1067,5,0.05056208744645119,0.13267481327056885,0.007888486608862877,0.9681349396705627,0.0536759439855814
volcanoes-b2,ExtraTrees,9601,1067,5,0.05026473104953766,0.13088880479335785,0.007477863226085901,0.969072163105011,0.15217951103113592
volcanoes-b2,LightGBM,9601,1067,5,0.05231572315096855,0.1384756863117218,0.009074721485376358,0.9671977758407593,0.14938367996364832
volcanoes-b2,LinearModel,9601,1067,5,0.05113913118839264,0.13489387929439545,0.010029273107647896,0.9700093865394592,0.062217785976827145
volcanoes-b2,NeuralNetFastAI,9601,1067,5,0.050703324377536774,0.13387814164161682,0.00908686127513647,0.9700093865394592,0.06795692094601691
volcanoes-b2,NeuralNetTorch,9601,1067,5,0.05061719939112663,0.13264358043670654,0.008783562108874321,0.9700093865394592,0.07911926019005477
volcanoes-b2,RandomForest,9601,1067,5,0.05053626373410225,0.13249100744724274,0.010967876762151718,0.9700093865394592,0.18682113499380648
volcanoes-b2,XGBoost,9601,1067,5,0.050709888339042664,0.13346603512763977,0.012231639586389065,0.9681349396705627,0.09044330311007798
volcanoes-b5,CatBoost,8990,999,5,0.05562383309006691,0.1359589695930481,0.009870339184999466,0.966966986656189,0.06710712285712361
volcanoes-b5,ExtraTrees,8990,999,5,0.0568714365363121,0.1394680291414261,0.012448825873434544,0.965965986251831,0.16926200804300606
volcanoes-b5,LightGBM,8990,999,5,0.05657097324728966,0.14033733308315277,0.011607167311012745,0.9649649858474731,0.14791344897821546
volcanoes-b5,LinearModel,8990,999,5,0.056839682161808014,0.14050178229808807,0.011778106912970543,0.9649649858474731,0.06449951697140932
volcanoes-b5,NeuralNetFastAI,8990,999,5,0.05718976631760597,0.1395445019006729,0.01056675985455513,0.9649649858474731,0.06762248394079506
volcanoes-b5,NeuralNetTorch,8990,999,5,0.05679117888212204,0.1410084068775177,0.006104040890932083,0.965965986251831,0.07484454801306129
volcanoes-b5,RandomForest,8990,999,5,0.05741565674543381,0.14236748218536377,0.014975933358073235,0.966966986656189,0.15053893602453172
volcanoes-b5,XGBoost,8990,999,5,0.05498431250452995,0.14004617929458618,0.012808535248041153,0.9679679870605469,0.06454874388873577
volcanoes-b6,CatBoost,9117,1013,5,0.06360930949449539,0.16711275279521942,0.01708458550274372,0.9634748101234436,0.07033106195740402
volcanoes-b6,ExtraTrees,9117,1013,5,0.0630713403224945,0.1672656089067459,0.011974604800343513,0.9644619822502136,0.13113753776997328
volcanoes-b6,LightGBM,9117,1013,5,0.0627540871500969,0.16565042734146118,0.011261611245572567,0.9634748101234436,0.14822722715325654
volcanoes-b6,LinearModel,9117,1013,5,0.06355809420347214,0.17128372192382812,0.012376383878290653,0.9654491543769836,0.06816858006641269
volcanoes-b6,NeuralNetFastAI,9117,1013,5,0.06298010051250458,0.1678614765405655,0.01352909579873085,0.9644619822502136,0.08285686583258212
volcanoes-b6,NeuralNetTorch,9117,1013,5,0.06364206969738007,0.17121738195419312,0.017434120178222656,0.9644619822502136,0.0866776560433209
volcanoes-b6,RandomForest,9117,1013,5,0.06450559943914413,0.16809725761413574,0.012025410309433937,0.9624876379966736,0.15352310496382415
volcanoes-b6,XGBoost,9117,1013,5,0.06168965622782707,0.16537849605083466,0.012152805924415588,0.9634748101234436,0.09750508982688189
volcanoes-d1,CatBoost,7877,876,5,0.09975814819335938,0.2500852644443512,0.017606697976589203,0.9440639019012451,0.11719884700141847
volcanoes-d1,ExtraTrees,7877,876,5,0.09982804208993912,0.2545914053916931,0.014266759157180786,0.9440639019012451,0.18160583195276558
volcanoes-d1,LightGBM,7877,876,5,0.10026554018259048,0.2533547878265381,0.007306648883968592,0.9440639019012451,0.09667242504656315
volcanoes-d1,LinearModel,7877,876,5,0.09977339208126068,0.2536320090293884,0.011050489731132984,0.9440639019012451,0.0981287700124085
volcanoes-d1,NeuralNetFastAI,7877,876,5,0.10005879402160645,0.2560886740684509,0.011078992858529091,0.9440639019012451,0.09538697404786944
volcanoes-d1,NeuralNetTorch,7877,876,5,0.09997302293777466,0.2543909549713135,0.015703748911619186,0.9440639019012451,0.10066393692977726
volcanoes-d1,RandomForest,7877,876,5,0.10074547678232193,0.2581440806388855,0.010033401660621166,0.9440639019012451,0.24427633406594396
volcanoes-d1,XGBoost,7877,876,5,0.099464051425457,0.2497660517692566,0.01160484179854393,0.9440639019012451,0.1003245988395065
volcanoes-d4,CatBoost,7788,866,5,0.09671694785356522,0.23612967133522034,0.014304304495453835,0.943418025970459,0.10292660095728934
volcanoes-d4,ExtraTrees,7788,866,5,0.0973614752292633,0.23838883638381958,0.016947444528341293,0.943418025970459,0.16587089118547738
volcanoes-d4,LightGBM,7788,866,5,0.09709479659795761,0.23702502250671387,0.014452981762588024,0.943418025970459,0.1473504831083119
volcanoes-d4,LinearModel,7788,866,5,0.09651359915733337,0.23581098020076752,0.0209177378565073,0.943418025970459,0.14956831117160618
volcanoes-d4,NeuralNetFastAI,7788,866,5,0.09662351757287979,0.2352321743965149,0.015115051530301571,0.943418025970459,0.09366819984279573
volcanoes-d4,NeuralNetTorch,7788,866,5,0.09682822972536087,0.23575446009635925,0.0173657163977623,0.943418025970459,0.059032884892076254
volcanoes-d4,RandomForest,7788,866,5,0.09812761098146439,0.24268092215061188,0.016124429181218147,0.943418025970459,0.17573808995075524
volcanoes-d4,XGBoost,7788,866,5,0.09754417836666107,0.2407274842262268,0.017592713236808777,0.943418025970459,0.06747806700877845
volcanoes-e1,CatBoost,1064,119,5,0.15801848471164703,0.3757326602935791,0.04621659964323044,0.9075630307197571,0.03686948702670634
volcanoes-e1,ExtraTrees,1064,119,5,0.1613934338092804,0.3842127323150635,0.055487342178821564,0.9075630307197571,0.08131555700674653
volcanoes-e1,LightGBM,1064,119,5,0.16025543212890625,0.3832129240036011,0.04160349443554878,0.9075630307197571,0.03787496779114008
volcanoes-e1,LinearModel,1064,119,5,0.16710184514522552,0.38961052894592285,0.05703311786055565,0.8991596698760986,0.034535167971625924
volcanoes-e1,NeuralNetFastAI,1064,119,5,0.15785425901412964,0.37601515650749207,0.06267858296632767,0.9075630307197571,0.028445831034332514
volcanoes-e1,NeuralNetTorch,1064,119,5,0.16062051057815552,0.38231006264686584,0.04873266443610191,0.9075630307197571,0.03429018589667976
volcanoes-e1,RandomForest,1064,119,5,0.16470925509929657,0.39555370807647705,0.04759199172258377,0.9075630307197571,0.050043666968122125
volcanoes-e1,XGBoost,1064,119,5,0.15932293236255646,0.38072991371154785,0.051572006195783615,0.9075630307197571,0.04038166906684637
volkert,CatBoost,52479,5831,10,0.3916279375553131,0.7945145964622498,0.017438502982258797,0.7067398428916931,0.6578075250145048
volkert,ExtraTrees,52479,5831,10,0.4252009689807892,0.8781090378761292,0.014975013211369514,0.6851311922073364,0.9610796379856765
volkert,LightGBM,52479,5831,10,0.3630538582801819,0.7360458970069885,0.020123789086937904,0.7326359152793884,0.6447002650238574
volkert,LinearModel,52479,5831,10,0.5435260534286499,1.160056710243225,0.0178107637912035,0.5894357562065125,0.5707160250749439
volkert,NeuralNetFastAI,52479,5831,10,0.3590555787086487,0.7265424728393555,0.042804963886737823,0.7410392761230469,0.5875528550241143
volkert,NeuralNetTorch,52479,5831,10,0.3846702575683594,0.7774872779846191,0.025168299674987793,0.7180586457252502,0.5930614618118852
volkert,RandomForest,52479,5831,10,0.4249967038631439,0.8823384642601013,0.0146574592217803,0.6889041066169739,0.9783604589756578
volkert,XGBoost,52479,5831,10,0.3833698630332947,0.7839310765266418,0.012732385657727718,0.7187446355819702,0.7863387758843601
wall-robot-navigation,CatBoost,4910,546,4,0.007202875800430775,0.03873596340417862,0.004016593098640442,0.9945054650306702,0.07351199816912413
wall-robot-navigation,ExtraTrees,4910,546,4,0.02512466534972191,0.044306036084890366,0.01133208628743887,0.9853479862213135,0.04844726016744971
wall-robot-navigation,LightGBM,4910,546,4,0.008075656369328499,0.012331128120422363,0.003982141148298979,0.9945054650306702,0.0892538910266012
wall-robot-navigation,LinearModel,4910,546,4,0.36800432205200195,0.6454975008964539,0.03472810238599777,0.7197802066802979,0.031007335986942053
wall-robot-navigation,NeuralNetFastAI,4910,546,4,0.04799847677350044,0.08995560556650162,0.017254937440156937,0.9670329689979553,0.02680666884407401
wall-robot-navigation,NeuralNetTorch,4910,546,4,0.051685310900211334,0.0957469493150711,0.015212105587124825,0.9652014374732971,0.025499377865344286
wall-robot-navigation,RandomForest,4910,546,4,0.012126199901103973,0.02536732330918312,0.006805729120969772,0.9926739931106567,0.03814209392294288
wall-robot-navigation,XGBoost,4910,546,4,0.01050627138465643,0.01651398092508316,0.007114490494132042,0.9926739931106567,0.03862593695521355
waveform-5000,CatBoost,4500,500,3,0.19834080338478088,0.31132742762565613,0.03690323233604431,0.843999981880188,0.01745870686136186
waveform-5000,ExtraTrees,4500,500,3,0.20805570483207703,0.31748059391975403,0.05133741721510887,0.828000009059906,0.025541539071127772
waveform-5000,LightGBM,4500,500,3,0.20205985009670258,0.31536200642585754,0.04542972147464752,0.8460000157356262,0.01415207702666521
waveform-5000,LinearModel,4500,500,3,0.1902792900800705,0.3046416640281677,0.02830079011619091,0.8619999885559082,0.016602668911218643
waveform-5000,NeuralNetFastAI,4500,500,3,0.18238312005996704,0.28102850914001465,0.0355294793844223,0.8640000224113464,0.01232858607545495
waveform-5000,NeuralNetTorch,4500,500,3,0.18208034336566925,0.27904802560806274,0.018438518047332764,0.8600000143051147,0.018522821133956313
waveform-5000,RandomForest,4500,500,3,0.2248501032590866,0.3456158936023712,0.021868880838155746,0.8320000171661377,0.0238464898429811
waveform-5000,XGBoost,4500,500,3,0.2036653608083725,0.32202479243278503,0.027665846049785614,0.8579999804496765,0.01505908602848649
wine-quality-red,CatBoost,1439,160,6,0.4327108860015869,0.8184133768081665,0.1055154949426651,0.706250011920929,0.04301267792470753
wine-quality-red,ExtraTrees,1439,160,6,0.40154939889907837,0.7625520825386047,0.06515868753194809,0.71875,0.04935426916927099
wine-quality-red,LightGBM,1439,160,6,0.4311617910861969,0.841778576374054,0.05931190028786659,0.6875,0.03716781595721841
wine-quality-red,LinearModel,1439,160,6,0.5573515892028809,1.0001224279403687,0.07141642272472382,0.53125,0.03837035596370697
wine-quality-red,NeuralNetFastAI,1439,160,6,0.5266079902648926,0.939814567565918,0.1313917636871338,0.5687500238418579,0.044206836028024554
wine-quality-red,NeuralNetTorch,1439,160,6,0.49020662903785706,0.901746928691864,0.04795841872692108,0.6499999761581421,0.022267703898251057
wine-quality-red,RandomForest,1439,160,6,0.42293697595596313,0.8136540651321411,0.052227649837732315,0.71875,0.04652589000761509
wine-quality-red,XGBoost,1439,160,6,0.4298771321773529,0.8340420722961426,0.09705843031406403,0.699999988079071,0.03529922477900982
wine-quality-white,CatBoost,4408,490,7,0.39837372303009033,0.7617144584655762,0.06811293214559555,0.718367338180542,0.11585240298882127
wine-quality-white,ExtraTrees,4408,490,7,0.37486913800239563,0.7159925699234009,0.06917044520378113,0.7061224579811096,0.156075517879799
wine-quality-white,LightGBM,4408,490,7,0.381510853767395,0.7294455766677856,0.07988850027322769,0.7204081416130066,0.09455438703298569
wine-quality-white,LinearModel,4408,490,7,0.570900022983551,1.0817668437957764,0.05703861266374588,0.5489795804023743,0.08429472404532135
wine-quality-white,NeuralNetFastAI,4408,490,7,0.511823296546936,0.9308875799179077,0.0674857497215271,0.6122449040412903,0.08709772187285125
wine-quality-white,NeuralNetTorch,4408,490,7,0.5060303807258606,0.9222079515457153,0.06415042281150818,0.6102041006088257,0.0883176380302757
wine-quality-white,RandomForest,4408,490,7,0.3848952353000641,0.7369171977043152,0.06236807256937027,0.7020407915115356,0.12007712596096098
wine-quality-white,XGBoost,4408,490,7,0.3903704881668091,0.7446542978286743,0.07339612394571304,0.704081654548645,0.11087851203046739
